Workbook

Sheet point
B1: calculate as a point mass located at 0,0
A17: k | B17: =density!B25 -> 1 | C17: Taylor Sedov
A18: G | B18: =density!B26 -> 1 | C18: gravity
A19: M | B19: =density!B27 -> 50 | C19: mass
A20: D | B20: =density!B28 -> 10 | C20: Earth to coe
A21: R | B21: 1 | C21: Earth to P
A23: Vo | B23: =B17*B20 -> 10 | C23: observer velocity, all x
A24: dt | B24: 1
A25: Ax observer | B25: =-B18*B19/B20 -> -5 | C25: observer acceleration, all x
A28: v* | B28: =L50 -> 1
A30: min | B30: =MIN(AC50:AC915) -> 0.49979195
A31: avg | B31: =AVERAGE(AC50:AC915) -> 1.0651272 | C31: =B31/B28-1 -> 0.065127196
A32: max | B32: =max(AC50:AC915) -> 1.5555556 | C32: =B32/B30-1 -> 2.1124062
A34: > 0 | B34: =COUNTIF(AC:AC,">"&B28) -> 209 | C34: =B34/B36 -> 0.57894737
A35: < 0 | B35: =COUNTIF(AC:AC,"<"&B28) -> 152 | C35: =B35/B36 -> 0.42105263
A36: total | B36: =B34+B35 -> 361 | C36: 360° = 0°
AF37: 2
A49: degrees | B49: radians | C49: px | D49: py | E49: D | F49: V=kD | G49: theta | H49: Vx | I49: Vy | J49: dVx | K49: dVy | L49: recession v* | N49: A | O49: Ax | P49: Ay | Q49: dAx | R49: dAy | S49: dVx* | T49: dVy* | U49: recession v | W49: =$A49 -> degrees | X49: angle v | Y49: angle a | AA49: =$A49 -> degrees | AB49: recession v* | AC49: =U49 -> recession v | AE49: =AA49 -> degrees | AF49: =AC49 -> recession v
A50: 0 | B50: =RADIANS(A50) -> 0 | C50: =B$20+B$21*COS(B50) -> 11 | D50: =B$21*SIN(B50) -> 0 | E50: =(C50*C50+D50*D50)^0.5 -> 11 | F50: =B$17*E50 -> 11 | G50: =ATAN(D50/C50) -> 0 | H50: =F50*COS(G50) -> 11 | I50: =F50*SIN(G50) -> 0 | J50: =H50-B$23 -> 1 | K50: =I50 -> 0 | L50: =SQRT(J50*J50+K50*K50) -> 1 | N50: =-B$18*B$19/E50 -> -4.5454545 | O50: =N50*COS(G50) -> -4.5454545 | P50: =N50*SIN(G50) -> 0 | Q50: =O50-B$25 -> 0.45454545 | R50: =P50 -> 0 | S50: =J50+Q50*B$24 -> 1.4545455 | T50: =R50+K50*B$24 -> 0 | U50: =SQRT(S50*S50+T50*T50) -> 1.4545455 | W50: =$A50 -> 0 | X50: =ATAN2(S50,T50) -> 0 | Y50: =ATAN(P50/O50) -> 0 | AA50: =A50 -> 0 | AB50: =L50 -> 1 | AC50: =U50 -> 1.4545455 | AE50: =AA50 -> 0 | AF50: =10^AC50 / AF$37 -> 14.240179
A51: 1 | B51: =RADIANS(A51) -> 0.017453293 | C51: =B$20+B$21*COS(B51) -> 10.999848 | D51: =B$21*SIN(B51) -> 0.017452406 | E51: =(C51*C51+D51*D51)^0.5 -> 10.999862 | F51: =B$17*E51 -> 10.999862 | G51: =ATAN(D51/C51) -> 0.001586603 | H51: =F51*COS(G51) -> 10.999848 | I51: =F51*SIN(G51) -> 0.017452406 | J51: =H51-B$23 -> 0.9998477 | K51: =I51 -> 0.017452406 | L51: =SQRT(J51*J51+K51*K51) -> 1 | N51: =-B$18*B$19/E51 -> -4.5455118 | O51: =N51*COS(G51) -> -4.545506 | P51: =N51*SIN(G51) -> -0.0072119198 | Q51: =O51-B$25 -> 0.45449396 | R51: =P51 -> -0.0072119198 | S51: =J51+Q51*B$24 -> 1.4543417 | T51: =R51+K51*B$24 -> 0.010240487 | U51: =SQRT(S51*S51+T51*T51) -> 1.4543777 | W51: =$A51 -> 1 | X51: =ATAN2(S51,T51) -> 0.0070412048 | Y51: =ATAN(P51/O51) -> 0.001586603 | AA51: =A51 -> 1 | AB51: =L51 -> 1 | AC51: =U51 -> 1.4543777 | AE51: =AA51 -> 1 | AF51: =10^AC51 / AF$37 -> 14.23468
A52: 2 | B52: =RADIANS(A52) -> 0.034906585 | C52: =B$20+B$21*COS(B52) -> 10.999391 | D52: =B$21*SIN(B52) -> 0.034899497 | E52: =(C52*C52+D52*D52)^0.5 -> 10.999446 | F52: =B$17*E52 -> 10.999446 | G52: =ATAN(D52/C52) -> 0.0031728466 | H52: =F52*COS(G52) -> 10.999391 | I52: =F52*SIN(G52) -> 0.034899497 | J52: =H52-B$23 -> 0.99939083 | K52: =I52 -> 0.034899497 | L52: =SQRT(J52*J52+K52*K52) -> 1 | N52: =-B$18*B$19/E52 -> -4.5456834 | O52: =N52*COS(G52) -> -4.5456605 | P52: =N52*SIN(G52) -> -0.014422732 | Q52: =O52-B$25 -> 0.45433948 | R52: =P52 -> -0.014422732 | S52: =J52+Q52*B$24 -> 1.4537303 | T52: =R52+K52*B$24 -> 0.020476765 | U52: =SQRT(S52*S52+T52*T52) -> 1.4538745 | W52: =$A52 -> 2 | X52: =ATAN2(S52,T52) -> 0.014084738 | Y52: =ATAN(P52/O52) -> 0.0031728466 | AA52: =A52 -> 2 | AB52: =L52 -> 1 | AC52: =U52 -> 1.4538745 | AE52: =AA52 -> 2 | AF52: =10^AC52 / AF$37 -> 14.218197
A53: 3 | B53: =RADIANS(A53) -> 0.052359878 | C53: =B$20+B$21*COS(B53) -> 10.99863 | D53: =B$21*SIN(B53) -> 0.052335956 | E53: =(C53*C53+D53*D53)^0.5 -> 10.998754 | F53: =B$17*E53 -> 10.998754 | G53: =ATAN(D53/C53) -> 0.0047583711 | H53: =F53*COS(G53) -> 10.99863 | I53: =F53*SIN(G53) -> 0.052335956 | J53: =H53-B$23 -> 0.99862953 | K53: =I53 -> 0.052335956 | L53: =SQRT(J53*J53+K53*K53) -> 1 | N53: =-B$18*B$19/E53 -> -4.5459695 | O53: =N53*COS(G53) -> -4.545918 | P53: =N53*SIN(G53) -> -0.021631328 | Q53: =O53-B$25 -> 0.45408201 | R53: =P53 -> -0.021631328 | S53: =J53+Q53*B$24 -> 1.4527115 | T53: =R53+K53*B$24 -> 0.030704628 | U53: =SQRT(S53*S53+T53*T53) -> 1.453036 | W53: =$A53 -> 3 | X53: =ATAN2(S53,T53) -> 0.021132934 | Y53: =ATAN(P53/O53) -> 0.0047583711 | AA53: =A53 -> 3 | AB53: =L53 -> 1 | AC53: =U53 -> 1.453036 | AE53: =AA53 -> 3 | AF53: =10^AC53 / AF$37 -> 14.190771
A54: 4 | B54: =RADIANS(A54) -> 0.06981317 | C54: =B$20+B$21*COS(B54) -> 10.997564 | D54: =B$21*SIN(B54) -> 0.069756474 | E54: =(C54*C54+D54*D54)^0.5 -> 10.997785 | F54: =B$17*E54 -> 10.997785 | G54: =ATAN(D54/C54) -> 0.0063428172 | H54: =F54*COS(G54) -> 10.997564 | I54: =F54*SIN(G54) -> 0.069756474 | J54: =H54-B$23 -> 0.99756405 | K54: =I54 -> 0.069756474 | L54: =SQRT(J54*J54+K54*K54) -> 1 | N54: =-B$18*B$19/E54 -> -4.5463699 | O54: =N54*COS(G54) -> -4.5462785 | P54: =N54*SIN(G54) -> -0.0288366 | Q54: =O54-B$25 -> 0.45372155 | R54: =P54 -> -0.0288366 | S54: =J54+Q54*B$24 -> 1.4512856 | T54: =R54+K54*B$24 -> 0.040919874 | U54: =SQRT(S54*S54+T54*T54) -> 1.4518624 | W54: =$A54 -> 4 | X54: =ATAN2(S54,T54) -> 0.028188136 | Y54: =ATAN(P54/O54) -> 0.0063428172 | AA54: =A54 -> 4 | AB54: =L54 -> 1 | AC54: =U54 -> 1.4518624 | AE54: =AA54 -> 4 | AF54: =10^AC54 / AF$37 -> 14.152474
A55: 5 | B55: =RADIANS(A55) -> 0.087266463 | C55: =B$20+B$21*COS(B55) -> 10.996195 | D55: =B$21*SIN(B55) -> 0.087155743 | E55: =(C55*C55+D55*D55)^0.5 -> 10.99654 | F55: =B$17*E55 -> 10.99654 | G55: =ATAN(D55/C55) -> 0.0079258253 | H55: =F55*COS(G55) -> 10.996195 | I55: =F55*SIN(G55) -> 0.087155743 | J55: =H55-B$23 -> 0.9961947 | K55: =I55 -> 0.087155743 | L55: =SQRT(J55*J55+K55*K55) -> 1 | N55: =-B$18*B$19/E55 -> -4.5468847 | O55: =N55*COS(G55) -> -4.5467419 | P55: =N55*SIN(G55) -> -0.036037436 | Q55: =O55-B$25 -> 0.4532581 | R55: =P55 -> -0.036037436 | S55: =J55+Q55*B$24 -> 1.4494528 | T55: =R55+K55*B$24 -> 0.051118306 | U55: =SQRT(S55*S55+T55*T55) -> 1.4503539 | W55: =$A55 -> 5 | X55: =ATAN2(S55,T55) -> 0.035252703 | Y55: =ATAN(P55/O55) -> 0.0079258253 | AA55: =A55 -> 5 | AB55: =L55 -> 1 | AC55: =U55 -> 1.4503539 | AE55: =AA55 -> 5 | AF55: =10^AC55 / AF$37 -> 14.103403
A56: 6 | B56: =RADIANS(A56) -> 0.10471976 | C56: =B$20+B$21*COS(B56) -> 10.994522 | D56: =B$21*SIN(B56) -> 0.10452846 | E56: =(C56*C56+D56*D56)^0.5 -> 10.995019 | F56: =B$17*E56 -> 10.995019 | G56: =ATAN(D56/C56) -> 0.0095070359 | H56: =F56*COS(G56) -> 10.994522 | I56: =F56*SIN(G56) -> 0.10452846 | J56: =H56-B$23 -> 0.9945219 | K56: =I56 -> 0.10452846 | L56: =SQRT(J56*J56+K56*K56) -> 1 | N56: =-B$18*B$19/E56 -> -4.5475138 | O56: =N56*COS(G56) -> -4.5473083 | P56: =N56*SIN(G56) -> -0.043232726 | Q56: =O56-B$25 -> 0.45269167 | R56: =P56 -> -0.043232726 | S56: =J56+Q56*B$24 -> 1.4472136 | T56: =R56+K56*B$24 -> 0.061295737 | U56: =SQRT(S56*S56+T56*T56) -> 1.4485111 | W56: =$A56 -> 6 | X56: =ATAN2(S56,T56) -> 0.042329015 | Y56: =ATAN(P56/O56) -> 0.0095070359 | AA56: =A56 -> 6 | AB56: =L56 -> 1 | AC56: =U56 -> 1.4485111 | AE56: =AA56 -> 6 | AF56: =10^AC56 / AF$37 -> 14.043684
A57: 7 | B57: =RADIANS(A57) -> 0.12217305 | C57: =B$20+B$21*COS(B57) -> 10.992546 | D57: =B$21*SIN(B57) -> 0.12186934 | E57: =(C57*C57+D57*D57)^0.5 -> 10.993222 | F57: =B$17*E57 -> 10.993222 | G57: =ATAN(D57/C57) -> 0.01108609 | H57: =F57*COS(G57) -> 10.992546 | I57: =F57*SIN(G57) -> 0.12186934 | J57: =H57-B$23 -> 0.99254615 | K57: =I57 -> 0.12186934 | L57: =SQRT(J57*J57+K57*K57) -> 1 | N57: =-B$18*B$19/E57 -> -4.5482572 | O57: =N57*COS(G57) -> -4.5479777 | P57: =N57*SIN(G57) -> -0.050421354 | Q57: =O57-B$25 -> 0.45202226 | R57: =P57 -> -0.050421354 | S57: =J57+Q57*B$24 -> 1.4445684 | T57: =R57+K57*B$24 -> 0.071447989 | U57: =SQRT(S57*S57+T57*T57) -> 1.4463342 | W57: =$A57 -> 7 | X57: =ATAN2(S57,T57) -> 0.049419476 | Y57: =ATAN(P57/O57) -> 0.01108609 | AA57: =A57 -> 7 | AB57: =L57 -> 1 | AC57: =U57 -> 1.4463342 | AE57: =AA57 -> 7 | AF57: =10^AC57 / AF$37 -> 13.973469
A58: 8 | B58: =RADIANS(A58) -> 0.13962634 | C58: =B$20+B$21*COS(B58) -> 10.990268 | D58: =B$21*SIN(B58) -> 0.1391731 | E58: =(C58*C58+D58*D58)^0.5 -> 10.991149 | F58: =B$17*E58 -> 10.991149 | G58: =ATAN(D58/C58) -> 0.012662627 | H58: =F58*COS(G58) -> 10.990268 | I58: =F58*SIN(G58) -> 0.1391731 | J58: =H58-B$23 -> 0.99026807 | K58: =I58 -> 0.1391731 | L58: =SQRT(J58*J58+K58*K58) -> 1 | N58: =-B$18*B$19/E58 -> -4.5491148 | O58: =N58*COS(G58) -> -4.5487501 | P58: =N58*SIN(G58) -> -0.057602204 | Q58: =O58-B$25 -> 0.45124987 | R58: =P58 -> -0.057602204 | S58: =J58+Q58*B$24 -> 1.4415179 | T58: =R58+K58*B$24 -> 0.081570897 | U58: =SQRT(S58*S58+T58*T58) -> 1.443824 | W58: =$A58 -> 8 | X58: =ATAN2(S58,T58) -> 0.056526524 | Y58: =ATAN(P58/O58) -> 0.012662627 | AA58: =A58 -> 8 | AB58: =L58 -> 1 | AC58: =U58 -> 1.443824 | AE58: =AA58 -> 8 | AF58: =10^AC58 / AF$37 -> 13.892935
A59: 9 | B59: =RADIANS(A59) -> 0.15707963 | C59: =B$20+B$21*COS(B59) -> 10.987688 | D59: =B$21*SIN(B59) -> 0.15643446 | E59: =(C59*C59+D59*D59)^0.5 -> 10.988802 | F59: =B$17*E59 -> 10.988802 | G59: =ATAN(D59/C59) -> 0.014236288 | H59: =F59*COS(G59) -> 10.987688 | I59: =F59*SIN(G59) -> 0.15643446 | J59: =H59-B$23 -> 0.98768834 | K59: =I59 -> 0.15643446 | L59: =SQRT(J59*J59+K59*K59) -> 1 | N59: =-B$18*B$19/E59 -> -4.5500866 | O59: =N59*COS(G59) -> -4.5496255 | P59: =N59*SIN(G59) -> -0.064774155 | Q59: =O59-B$25 -> 0.4503745 | R59: =P59 -> -0.064774155 | S59: =J59+Q59*B$24 -> 1.4380628 | T59: =R59+K59*B$24 -> 0.09166031 | U59: =SQRT(S59*S59+T59*T59) -> 1.440981 | W59: =$A59 -> 9 | X59: =ATAN2(S59,T59) -> 0.063652632 | Y59: =ATAN(P59/O59) -> 0.014236288 | AA59: =A59 -> 9 | AB59: =L59 -> 1 | AC59: =U59 -> 1.440981 | AE59: =AA59 -> 9 | AF59: =10^AC59 / AF$37 -> 13.802286
A60: 10 | B60: =RADIANS(A60) -> 0.17453293 | C60: =B$20+B$21*COS(B60) -> 10.984808 | D60: =B$21*SIN(B60) -> 0.17364818 | E60: =(C60*C60+D60*D60)^0.5 -> 10.98618 | F60: =B$17*E60 -> 10.98618 | G60: =ATAN(D60/C60) -> 0.015806714 | H60: =F60*COS(G60) -> 10.984808 | I60: =F60*SIN(G60) -> 0.17364818 | J60: =H60-B$23 -> 0.98480775 | K60: =I60 -> 0.17364818 | L60: =SQRT(J60*J60+K60*K60) -> 1 | N60: =-B$18*B$19/E60 -> -4.5511724 | O60: =N60*COS(G60) -> -4.5506038 | P60: =N60*SIN(G60) -> -0.071936085 | Q60: =O60-B$25 -> 0.44939615 | R60: =P60 -> -0.071936085 | S60: =J60+Q60*B$24 -> 1.4342039 | T60: =R60+K60*B$24 -> 0.10171209 | U60: =SQRT(S60*S60+T60*T60) -> 1.437806 | W60: =$A60 -> 10 | X60: =ATAN2(S60,T60) -> 0.070800313 | Y60: =ATAN(P60/O60) -> 0.015806714 | AA60: =A60 -> 10 | AB60: =L60 -> 1 | AC60: =U60 -> 1.437806 | AE60: =AA60 -> 10 | AF60: =10^AC60 / AF$37 -> 13.70175
A61: 11 | B61: =RADIANS(A61) -> 0.19198622 | C61: =B$20+B$21*COS(B61) -> 10.981627 | D61: =B$21*SIN(B61) -> 0.190809 | E61: =(C61*C61+D61*D61)^0.5 -> 10.983285 | F61: =B$17*E61 -> 10.983285 | G61: =ATAN(D61/C61) -> 0.017373545 | H61: =F61*COS(G61) -> 10.981627 | I61: =F61*SIN(G61) -> 0.190809 | J61: =H61-B$23 -> 0.98162718 | K61: =I61 -> 0.190809 | L61: =SQRT(J61*J61+K61*K61) -> 1 | N61: =-B$18*B$19/E61 -> -4.5523722 | O61: =N61*COS(G61) -> -4.5516852 | P61: =N61*SIN(G61) -> -0.079086866 | Q61: =O61-B$25 -> 0.44831484 | R61: =P61 -> -0.079086866 | S61: =J61+Q61*B$24 -> 1.429942 | T61: =R61+K61*B$24 -> 0.11172213 | U61: =SQRT(S61*S61+T61*T61) -> 1.4342998 | W61: =$A61 -> 11 | X61: =ATAN2(S61,T61) -> 0.077972132 | Y61: =ATAN(P61/O61) -> 0.017373545 | AA61: =A61 -> 11 | AB61: =L61 -> 1 | AC61: =U61 -> 1.4342998 | AE61: =AA61 -> 11 | AF61: =10^AC61 / AF$37 -> 13.591577
... A410: 360 | B410: =RADIANS(A410) -> 6.2831853 | C410: =B$20+B$21*COS(B410) -> 11 | D410: =B$21*SIN(B410) -> 0 | E410: =(C410*C410+D410*D410)^0.5 -> 11 | F410: =B$17*E410 -> 11 | G410: =ATAN(D410/C410) -> 0 | H410: =F410*COS(G410) -> 11 | I410: =F410*SIN(G410) -> 0 | J410: =H410-B$23 -> 1 | K410: =I410 -> 0 | L410: =SQRT(J410*J410+K410*K410) -> 1 | N410: =-B$18*B$19/E410 -> -4.5454545 | O410: =N410*COS(G410) -> -4.5454545 | P410: =N410*SIN(G410) -> 0 | Q410: =O410-B$25 -> 0.45454545 | R410: =P410 -> 0 | S410: =J410+Q410*B$24 -> 1.4545455 | T410: =R410+K410*B$24 -> 0 | U410: =SQRT(S410*S410+T410*T410) -> 1.4545455 | W410: =$A410 -> 360 | X410: =ATAN2(S410,T410) -> 0 | Y410: =ATAN(P410/O410) -> 0 | AA410: =A410 -> 360 | AB410: =L410 -> 1 | AC410: =U410 -> 1.4545455 | AE410: =AA410 -> 360 | AF410: =10^AC410 / AF$37 -> 14.240179

Sheet density
C3: model as distributed density
B12: 0.5
B14: 2
B15: 1
B16: 10
B17: 2
B18: 0.5
A21: m(R)/M = 1 - exp(-X)*(1+X+{X^{2}/2})
A22: x=R/L
A23: L | B23: 0.5
A25: k | B25: 1 | C25: Taylor Sedov
A26: G | B26: 1 | C26: gravity
A27: M | B27: 50 | C27: mass
A28: D | B28: 10 | C28: Earth to coe
A29: R | B29: 2 | C29: Earth to P
A32: Vo | B32: =B25*B28 -> 10 | C32: observer velocity, all x
A33: dt | B33: 1
A34: Ax observer | B34: =-B26*B27/(B28*B28) -> -0.5 | C34: observer acceleration, all x
A36: v* | B36: =B29*B25 -> 2
A37: normalized v* | B37: 1
A39: min | B39: =MIN(AF46:AF1112) -> 0.066688232
A40: avg | B40: =AVERAGE(AF66:AF1001) -> 1.0135336 | C40: =B40-1 -> 0.013533616
A41: max | B41: =max(AF65:AF1112) -> 1.0899972 | C41: =B41/B39-1 -> 15.344671
A43: > v* | B43: =COUNTIF(AF:AF,">"&B37) -> 208 | C43: =B43/B45 -> 0.56830601
A44: < v* | B44: =COUNTIF(AF:AF,"<"&B37) -> 158 | C44: =B44/B45 -> 0.43169399
A45: total | B45: =B43+B44 -> 366 | C45: 360° = 0°
AK46: 2
A48: 0° | B48: =AF66 -> 1.0639567 | C48: =B50/B48-1 -> 0.024475199
A49: ~90° | B49: =MIN(AF:AF) -> 0.066688232 | C49: =B50/B49-1 -> 15.344671 | AF49: {=LINEST(AG68:AG426,AF68:AF426,1,1)} -> 0.82846881 | AG49: 0.19386087
A50: 180° | B50: =AF246 -> 1.0899972 | AF50: 0.066688232 | AG50: 0.067638308
AF51: 0.30182247 | AG51: 0.056717431
A52: angle of minimum | B52: =VLOOKUP(B49,AF66:AJ1112,3,0) -> #N/A | C52: =180-(B52-180) -> #N/A | AF52: 154.33127 | AG52: 357
C53: =abs(C52-B52) -> #N/A | AF53: 0.49646316 | AG53: 1.1484215
A54: avg density to o | B54: =B27/((B28)^B53 * PI() * 4/3) -> 11.936621
A55: fraction up to o | B55: =(1-exp(-B28/C61)*(1+ B28/C61 + B28*B28/C61/C61/2)) -> 0.87534798 | AT55: =MAX(E66:E931) -> 12
A56: total mass | B56: =B27/B55 -> 57.120141
A57: check | B57: =B56*B55 -> 50
B59: m(R)/M = 1 - exp(-X)*(1+X+{X^{2}/2})
B60: x=R/L
B61: L | C61: 2 | AH61: =AH63/AG63 -> 0.046788727
B62: m min at p | C62: =Min(AN:AN) -> 43.519647
B63: m max at p | C63: =MAX(AN:AN) -> 53.580474 | AG63: =SUM(AG66:AG426) -> 370.958 | AH63: =SUM(AH66:AH426) -> 17.356652
A65: degrees | B65: radians | C65: px | D65: py | E65: D | F65: V=kD | G65: theta | H65: Vx | I65: Vy | J65: dVx | K65: dVy | L65: recession v* | N65: A | O65: Ax | P65: Ay | Q65: dAx | R65: dAy | S65: dVx* | T65: dVy* | U65: recession v | W65: =$A65 -> degrees | X65: angle v | Y65: angle a | AA65: =$A65 -> degrees | AB65: recession v* | AD65: degrees | AF65: =U65 -> recession v | AG65: migkas | AJ65: =AA65 -> degrees | AK65: =AF65 -> recession v | AL65: degrees | AM65: mass up to p x | AN65: mass up to P | AP65: degrees | AQ65: recession v
A66: 0 | B66: =RADIANS(A66) -> 0 | C66: =B$28+B$29*COS(B66) -> 12 | D66: =B$29*SIN(B66) -> 0 | E66: =(C66*C66+D66*D66)^0.5 -> 12 | F66: =B$25*E66 -> 12 | G66: =ATAN(D66/C66)+RADIANS(B58) -> 0 | H66: =F66*COS(G66) -> 12 | I66: =F66*SIN(G66) -> 0 | J66: =H66-B$32 -> 2 | K66: =I66 -> 0 | L66: =SQRT(J66*J66+K66*K66) -> 2 | N66: =-B$26*AN66/(E66*E66) -> -0.37208663 | O66: =N66*COS($G66) -> -0.37208663 | P66: =N66*SIN($G66) -> 0 | Q66: =O66-B$34 -> 0.12791337 | R66: =P66 -> 0 | S66: =J66+Q66*B$33 -> 2.1279134 | T66: =R66+K66*B$33 -> 0 | U66: =SQRT(S66*S66+T66*T66) -> 2.1279134 | W66: =$A66 -> 0 | X66: =ATAN2(S66,T66) -> 0 | Y66: =ATAN(P66/O66) -> 0 | AA66: =A66 -> 0 | AB66: =L66 -> 2 | AC66: =$U66 -> 2.1279134 | AD66: 0 | AE66: =AG66 | AF66: =$U66/AB66 -> 1.0639567 | AJ66: =AA66 -> 0 | AK66: =10^AF66 / AK$46 -> 5.793309 | AL66: 0 | AM66: =AN66/B$27 -> 1.0716095 | AN66: =(1 - exp(-E66/C$61) * (1 + E66/C$61 + E66*E66/C$61/C$61/2)) *B$56 -> 53.580474 | AP66: =AJ66 -> 0 | AQ66: =AF246 -> 1.0899972 | AT66: 0 | AU66: =4/3 * PI() * AT66^B$53 -> 4.1887902
A67: 1 | B67: =RADIANS(A67) -> 0.017453293 | C67: =B$28+B$29*COS(B67) -> 11.999695 | D67: =B$29*SIN(B67) -> 0.034904813 | E67: =(C67*C67+D67*D67)^0.5 -> 11.999746 | F67: =B$25*E67 -> 11.999746 | G67: =ATAN(D67/C67) -> 0.0029088 | H67: =F67*COS(G67) -> 11.999695 | I67: =F67*SIN(G67) -> 0.034904813 | J67: =H67-B$32 -> 1.9996954 | K67: =I67 -> 0.034904813 | L67: =SQRT(J67*J67+K67*K67) -> 2 | N67: =-B$26*AN67/(E67*E67) -> -0.37210012 | O67: =N67*COS(G67) -> -0.37209855 | P67: =N67*SIN(G67) -> -0.0010823633 | Q67: =O67-B$34 -> 0.12790145 | R67: =P67 -> -0.0010823633 | S67: =J67+Q67*B$33 -> 2.1275968 | T67: =R67+K67*B$33 -> 0.03382245 | U67: =SQRT(S67*S67+T67*T67) -> 2.1278657 | W67: =$A67 -> 1 | X67: =ATAN2(S67,T67) -> 0.015895681 | Y67: =ATAN(P67/O67) -> 0.0029088 | AA67: =A67 -> 1 | AB67: =L67 -> 2 | AC67: =$U67 -> 2.1278657 | AD67: 1 | AE67: =AG67 | AF67: =$U67/AB67 -> 1.0639328 | AJ67: =AA67 -> 1 | AK67: =10^AF67 / AK$46 -> 5.7929908 | AL67: 1 | AM67: =AN67/B$27 -> 1.071603 | AN67: =(1 - exp(-E67/C$61) * (1 + E67/C$61 + E67*E67/C$61/C$61/2)) *B$56 -> 53.580151 | AP67: =AJ67 -> 1 | AQ67: =AF247 -> 1.0899388 | AT67: =AT66+AT$55/10 -> 1.2 | AU67: =4/3 * PI() * AT67^B$53 *B$54 -> 50
A68: 2 | B68: =RADIANS(A68) -> 0.034906585 | C68: =B$28+B$29*COS(B68) -> 11.998782 | D68: =B$29*SIN(B68) -> 0.069798993 | E68: =(C68*C68+D68*D68)^0.5 -> 11.998985 | F68: =B$25*E68 -> 11.998985 | G68: =ATAN(D68/C68) -> 0.0058171078 | H68: =F68*COS(G68) -> 11.998782 | I68: =F68*SIN(G68) -> 0.069798993 | J68: =H68-B$32 -> 1.9987817 | K68: =I68 -> 0.069798993 | L68: =SQRT(J68*J68+K68*K68) -> 2 | N68: =-B$26*AN68/(E68*E68) -> -0.37214061 | O68: =N68*COS(G68) -> -0.37213431 | P68: =N68*SIN(G68) -> -0.0021647698 | Q68: =O68-B$34 -> 0.12786569 | R68: =P68 -> -0.0021647698 | S68: =J68+Q68*B$33 -> 2.1266473 | T68: =R68+K68*B$33 -> 0.067634224 | U68: =SQRT(S68*S68+T68*T68) -> 2.1277226 | W68: =$A68 -> 2 | X68: =ATAN2(S68,T68) -> 0.0317925 | Y68: =ATAN(P68/O68) -> 0.0058171078 | AA68: =A68 -> 2 | AB68: =L68 -> 2 | AC68: =$U68 -> 2.1277226 | AD68: 2 | AE68: =AG68 -> 1.094 | AF68: =$U68/AB68 -> 1.0638613 | AG68: =VLOOKUP(AD68,migkas!E$3:H$1002,3,1) -> 1.094 | AH68: =SQRT((AF68-AG68)*(AF68-AG68)) -> 0.03013872 | AI68: =(AG68-AF68)/AG68 -> 0.027549104 | AJ68: =AA68 -> 2 | AK68: =10^AF68 / AK$46 -> 5.7920364 | AL68: 2 | AM68: =AN68/B$27 -> 1.0715836 | AN68: =(1 - exp(-E68/C$61) * (1 + E68/C$61 + E68*E68/C$61/C$61/2)) *B$56 -> 53.57918 | AP68: =AJ68 -> 2 | AQ68: =AF248 -> 1.0897635 | AT68: =AT67+AT$55/10 -> 2.4 | AU68: =4/3 * PI() * AT68^B$53 *B$54 -> 50
A69: 3 | B69: =RADIANS(A69) -> 0.052359878 | C69: =B$28+B$29*COS(B69) -> 11.997259 | D69: =B$29*SIN(B69) -> 0.10467191 | E69: =(C69*C69+D69*D69)^0.5 -> 11.997716 | F69: =B$25*E69 -> 11.997716 | G69: =ATAN(D69/C69) -> 0.0087244308 | H69: =F69*COS(G69) -> 11.997259 | I69: =F69*SIN(G69) -> 0.10467191 | J69: =H69-B$32 -> 1.9972591 | K69: =I69 -> 0.10467191 | L69: =SQRT(J69*J69+K69*K69) -> 2 | N69: =-B$26*AN69/(E69*E69) -> -0.3722081 | O69: =N69*COS(G69) -> -0.37219393 | P69: =N69*SIN(G69) -> -0.0032472626 | Q69: =O69-B$34 -> 0.12780607 | R69: =P69 -> -0.0032472626 | S69: =J69+Q69*B$33 -> 2.1250651 | T69: =R69+K69*B$33 -> 0.10142465 | U69: =SQRT(S69*S69+T69*T69) -> 2.1274841 | W69: =$A69 -> 3 | X69: =ATAN2(S69,T69) -> 0.047691593 | Y69: =ATAN(P69/O69) -> 0.0087244308 | AA69: =A69 -> 3 | AB69: =L69 -> 2 | AC69: =$U69 -> 2.1274841 | AD69: 3 | AE69: =AG69 -> 1.094 | AF69: =$U69/AB69 -> 1.0637421 | AG69: =VLOOKUP(AD69,migkas!E$3:H$1002,3,1) -> 1.094 | AH69: =SQRT((AF69-AG69)*(AF69-AG69)) -> 0.030257926 | AI69: =(AG69-AF69)/AG69 -> 0.027658068 | AJ69: =AA69 -> 3 | AK69: =10^AF69 / AK$46 -> 5.7904468 | AL69: 3 | AM69: =AN69/B$27 -> 1.0715512 | AN69: =(1 - exp(-E69/C$61) * (1 + E69/C$61 + E69*E69/C$61/C$61/2)) *B$56 -> 53.577562 | AP69: =AJ69 -> 3 | AQ69: =AF249 -> 1.0894717 | AT69: =AT68+AT$55/10 -> 3.6 | AU69: =4/3 * PI() * AT69^B$53 *B$54 -> 50
A70: 4 | B70: =RADIANS(A70) -> 0.06981317 | C70: =B$28+B$29*COS(B70) -> 11.995128 | D70: =B$29*SIN(B70) -> 0.13951295 | E70: =(C70*C70+D70*D70)^0.5 -> 11.995939 | F70: =B$25*E70 -> 11.995939 | G70: =ATAN(D70/C70) -> 0.011630277 | H70: =F70*COS(G70) -> 11.995128 | I70: =F70*SIN(G70) -> 0.13951295 | J70: =H70-B$32 -> 1.9951281 | K70: =I70 -> 0.13951295 | L70: =SQRT(J70*J70+K70*K70) -> 2 | N70: =-B$26*AN70/(E70*E70) -> -0.37230259 | O70: =N70*COS(G70) -> -0.37227741 | P70: =N70*SIN(G70) -> -0.0043298844 | Q70: =O70-B$34 -> 0.12772259 | R70: =P70 -> -0.0043298844 | S70: =J70+Q70*B$33 -> 2.1228507 | T70: =R70+K70*B$33 -> 0.13518306 | U70: =SQRT(S70*S70+T70*T70) -> 2.1271506 | W70: =$A70 -> 4 | X70: =ATAN2(S70,T70) -> 0.063594099 | Y70: =ATAN(P70/O70) -> 0.011630277 | AA70: =A70 -> 4 | AB70: =L70 -> 2 | AC70: =$U70 -> 2.1271506 | AD70: 4 | AE70: =AG70 -> 1.102 | AF70: =$U70/AB70 -> 1.0635753 | AG70: =VLOOKUP(AD70,migkas!E$3:H$1002,3,1) -> 1.102 | AH70: =SQRT((AF70-AG70)*(AF70-AG70)) -> 0.038424718 | AI70: =(AG70-AF70)/AG70 -> 0.034868165 | AJ70: =AA70 -> 4 | AK70: =10^AF70 / AK$46 -> 5.7882234 | AL70: 4 | AM70: =AN70/B$27 -> 1.0715059 | AN70: =(1 - exp(-E70/C$61) * (1 + E70/C$61 + E70*E70/C$61/C$61/2)) *B$56 -> 53.575296 | AP70: =AJ70 -> 4 | AQ70: =AF250 -> 1.089064 | AT70: =AT69+AT$55/10 -> 4.8 | AU70: =4/3 * PI() * AT70^B$53 *B$54 -> 50
A71: 5 | B71: =RADIANS(A71) -> 0.087266463 | C71: =B$28+B$29*COS(B71) -> 11.992389 | D71: =B$29*SIN(B71) -> 0.17431149 | E71: =(C71*C71+D71*D71)^0.5 -> 11.993656 | F71: =B$25*E71 -> 11.993656 | G71: =ATAN(D71/C71) -> 0.014534152 | H71: =F71*COS(G71) -> 11.992389 | I71: =F71*SIN(G71) -> 0.17431149 | J71: =H71-B$32 -> 1.9923894 | K71: =I71 -> 0.17431149 | L71: =SQRT(J71*J71+K71*K71) -> 2 | N71: =-B$26*AN71/(E71*E71) -> -0.37242409 | O71: =N71*COS(G71) -> -0.37238476 | P71: =N71*SIN(G71) -> -0.0054126778 | Q71: =O71-B$34 -> 0.12761524 | R71: =P71 -> -0.0054126778 | S71: =J71+Q71*B$33 -> 2.1200046 | T71: =R71+K71*B$33 -> 0.16889881 | U71: =SQRT(S71*S71+T71*T71) -> 2.126722 | W71: =$A71 -> 5 | X71: =ATAN2(S71,T71) -> 0.079501156 | Y71: =ATAN(P71/O71) -> 0.014534152 | AA71: =A71 -> 5 | AB71: =L71 -> 2 | AC71: =$U71 -> 2.126722 | AD71: 5 | AE71: =AG71 -> 1.098 | AF71: =$U71/AB71 -> 1.063361 | AG71: =VLOOKUP(AD71,migkas!E$3:H$1002,3,1) -> 1.098 | AH71: =SQRT((AF71-AG71)*(AF71-AG71)) -> 0.034638998 | AI71: =(AG71-AF71)/AG71 -> 0.031547357 | AJ71: =AA71 -> 5 | AK71: =10^AF71 / AK$46 -> 5.7853682 | AL71: 5 | AM71: =AN71/B$27 -> 1.0714476 | AN71: =(1 - exp(-E71/C$61) * (1 + E71/C$61 + E71*E71/C$61/C$61/2)) *B$56 -> 53.572382 | AP71: =AJ71 -> 5 | AQ71: =AF251 -> 1.0885411 | AT71: =AT70+AT$55/10 -> 6 | AU71: =4/3 * PI() * AT71^B$53 *B$54 -> 50
A72: 6 | B72: =RADIANS(A72) -> 0.10471976 | C72: =B$28+B$29*COS(B72) -> 11.989044 | D72: =B$29*SIN(B72) -> 0.20905693 | E72: =(C72*C72+D72*D72)^0.5 -> 11.990866 | F72: =B$25*E72 -> 11.990866 | G72: =ATAN(D72/C72) -> 0.017435564 | H72: =F72*COS(G72) -> 11.989044 | I72: =F72*SIN(G72) -> 0.20905693 | J72: =H72-B$32 -> 1.9890438 | K72: =I72 -> 0.20905693 | L72: =SQRT(J72*J72+K72*K72) -> 2 | N72: =-B$26*AN72/(E72*E72) -> -0.37257262 | O72: =N72*COS(G72) -> -0.37251599 | P72: =N72*SIN(G72) -> -0.0064956847 | Q72: =O72-B$34 -> 0.12748401 | R72: =P72 -> -0.0064956847 | S72: =J72+Q72*B$33 -> 2.1165278 | T72: =R72+K72*B$33 -> 0.20256124 | U72: =SQRT(S72*S72+T72*T72) -> 2.1261987 | W72: =$A72 -> 6 | X72: =ATAN2(S72,T72) -> 0.095413902 | Y72: =ATAN(P72/O72) -> 0.017435564 | AA72: =A72 -> 6 | AB72: =L72 -> 2 | AC72: =$U72 -> 2.1261987 | AD72: 6 | AE72: =AG72 -> 1.1 | AF72: =$U72/AB72 -> 1.0630994 | AG72: =VLOOKUP(AD72,migkas!E$3:H$1002,3,1) -> 1.1 | AH72: =SQRT((AF72-AG72)*(AF72-AG72)) -> 0.036900641 | AI72: =(AG72-AF72)/AG72 -> 0.033546037 | AJ72: =AA72 -> 6 | AK72: =10^AF72 / AK$46 -> 5.7818839 | AL72: 6 | AM72: =AN72/B$27 -> 1.0713763 | AN72: =(1 - exp(-E72/C$61) * (1 + E72/C$61 + E72*E72/C$61/C$61/2)) *B$56 -> 53.568818 | AP72: =AJ72 -> 6 | AQ72: =AF252 -> 1.087904 | AT72: =AT71+AT$55/10 -> 7.2 | AU72: =4/3 * PI() * AT72^B$53 *B$54 -> 50
A73: 7 | B73: =RADIANS(A73) -> 0.12217305 | C73: =B$28+B$29*COS(B73) -> 11.985092 | D73: =B$29*SIN(B73) -> 0.24373869 | E73: =(C73*C73+D73*D73)^0.5 -> 11.98757 | F73: =B$25*E73 -> 11.98757 | G73: =ATAN(D73/C73) -> 0.020334019 | H73: =F73*COS(G73) -> 11.985092 | I73: =F73*SIN(G73) -> 0.24373869 | J73: =H73-B$32 -> 1.9850923 | K73: =I73 -> 0.24373869 | L73: =SQRT(J73*J73+K73*K73) -> 2 | N73: =-B$26*AN73/(E73*E73) -> -0.37274819 | O73: =N73*COS(G73) -> -0.37267113 | P73: =N73*SIN(G73) -> -0.0075789463 | Q73: =O73-B$34 -> 0.12732887 | R73: =P73 -> -0.0075789463 | S73: =J73+Q73*B$33 -> 2.1124212 | T73: =R73+K73*B$33 -> 0.23615974 | U73: =SQRT(S73*S73+T73*T73) -> 2.125581 | W73: =$A73 -> 7 | X73: =ATAN2(S73,T73) -> 0.11133347 | Y73: =ATAN(P73/O73) -> 0.020334019 | AA73: =A73 -> 7 | AB73: =L73 -> 2 | AC73: =$U73 -> 2.125581 | AD73: 7 | AE73: =AG73 -> 1.098 | AF73: =$U73/AB73 -> 1.0627905 | AG73: =VLOOKUP(AD73,migkas!E$3:H$1002,3,1) -> 1.098 | AH73: =SQRT((AF73-AG73)*(AF73-AG73)) -> 0.035209494 | AI73: =(AG73-AF73)/AG73 -> 0.032066934 | AJ73: =AA73 -> 7 | AK73: =10^AF73 / AK$46 -> 5.7777735 | AL73: 7 | AM73: =AN73/B$27 -> 1.0712921 | AN73: =(1 - exp(-E73/C$61) * (1 + E73/C$61 + E73*E73/C$61/C$61/2)) *B$56 -> 53.564603 | AP73: =AJ73 -> 7 | AQ73: =AF253 -> 1.087154 | AT73: =AT72+AT$55/10 -> 8.4 | AU73: =4/3 * PI() * AT73^B$53 *B$54 -> 50
A74: 8 | B74: =RADIANS(A74) -> 0.13962634 | C74: =B$28+B$29*COS(B74) -> 11.980536 | D74: =B$29*SIN(B74) -> 0.2783462 | E74: =(C74*C74+D74*D74)^0.5 -> 11.983769 | F74: =B$25*E74 -> 11.983769 | G74: =ATAN(D74/C74) -> 0.023229022 | H74: =F74*COS(G74) -> 11.980536 | I74: =F74*SIN(G74) -> 0.2783462 | J74: =H74-B$32 -> 1.9805361 | K74: =I74 -> 0.2783462 | L74: =SQRT(J74*J74+K74*K74) -> 2 | N74: =-B$26*AN74/(E74*E74) -> -0.37295081 | O74: =N74*COS(G74) -> -0.37285019 | P74: =N74*SIN(G74) -> -0.0086625034 | Q74: =O74-B$34 -> 0.12714981 | R74: =P74 -> -0.0086625034 | S74: =J74+Q74*B$33 -> 2.1076859 | T74: =R74+K74*B$33 -> 0.2696837 | U74: =SQRT(S74*S74+T74*T74) -> 2.1248693 | W74: =$A74 -> 8 | X74: =ATAN2(S74,T74) -> 0.12726101 | Y74: =ATAN(P74/O74) -> 0.023229022 | AA74: =A74 -> 8 | AB74: =L74 -> 2 | AC74: =$U74 -> 2.1248693 | AD74: 8 | AE74: =AG74 -> 1.038 | AF74: =$U74/AB74 -> 1.0624346 | AG74: =VLOOKUP(AD74,migkas!E$3:H$1002,3,1) -> 1.038 | AH74: =SQRT((AF74-AG74)*(AF74-AG74)) -> 0.024434625 | AI74: =(AG74-AF74)/AG74 -> -0.023540101 | AJ74: =AA74 -> 8 | AK74: =10^AF74 / AK$46 -> 5.7730408 | AL74: 8 | AM74: =AN74/B$27 -> 1.0711947 | AN74: =(1 - exp(-E74/C$61) * (1 + E74/C$61 + E74*E74/C$61/C$61/2)) *B$56 -> 53.559735 | AP74: =AJ74 -> 8 | AQ74: =AF254 -> 1.0862923 | AT74: =AT73+AT$55/10 -> 9.6 | AU74: =4/3 * PI() * AT74^B$53 *B$54 -> 50
A75: 9 | B75: =RADIANS(A75) -> 0.15707963 | C75: =B$28+B$29*COS(B75) -> 11.975377 | D75: =B$29*SIN(B75) -> 0.31286893 | E75: =(C75*C75+D75*D75)^0.5 -> 11.979463 | F75: =B$25*E75 -> 11.979463 | G75: =ATAN(D75/C75) -> 0.026120078 | H75: =F75*COS(G75) -> 11.975377 | I75: =F75*SIN(G75) -> 0.31286893 | J75: =H75-B$32 -> 1.9753767 | K75: =I75 -> 0.31286893 | L75: =SQRT(J75*J75+K75*K75) -> 2 | N75: =-B$26*AN75/(E75*E75) -> -0.37318051 | O75: =N75*COS(G75) -> -0.37305321 | P75: =N75*SIN(G75) -> -0.0097463957 | Q75: =O75-B$34 -> 0.12694679 | R75: =P75 -> -0.0097463957 | S75: =J75+Q75*B$33 -> 2.1023235 | T75: =R75+K75*B$33 -> 0.30312253 | U75: =SQRT(S75*S75+T75*T75) -> 2.1240638 | W75: =$A75 -> 9 | X75: =ATAN2(S75,T75) -> 0.14319766 | Y75: =ATAN(P75/O75) -> 0.026120078 | AA75: =A75 -> 9 | AB75: =L75 -> 2 | AC75: =$U75 -> 2.1240638 | AD75: 9 | AE75: =AG75 -> 1.038 | AF75: =$U75/AB75 -> 1.0620319 | AG75: =VLOOKUP(AD75,migkas!E$3:H$1002,3,1) -> 1.038 | AH75: =SQRT((AF75-AG75)*(AF75-AG75)) -> 0.024031924 | AI75: =(AG75-AF75)/AG75 -> -0.023152143 | AJ75: =AA75 -> 9 | AK75: =10^AF75 / AK$46 -> 5.7676903 | AL75: 9 | AM75: =AN75/B$27 -> 1.0710843 | AN75: =(1 - exp(-E75/C$61) * (1 + E75/C$61 + E75*E75/C$61/C$61/2)) *B$56 -> 53.554214 | AP75: =AJ75 -> 9 | AQ75: =AF255 -> 1.0853207 | AT75: =AT74+AT$55/10 -> 10.8 | AU75: =4/3 * PI() * AT75^B$53 *B$54 -> 50
A76: 10 | B76: =RADIANS(A76) -> 0.17453293 | C76: =B$28+B$29*COS(B76) -> 11.969616 | D76: =B$29*SIN(B76) -> 0.34729636 | E76: =(C76*C76+D76*D76)^0.5 -> 11.974653 | F76: =B$25*E76 -> 11.974653 | G76: =ATAN(D76/C76) -> 0.029006692 | H76: =F76*COS(G76) -> 11.969616 | I76: =F76*SIN(G76) -> 0.34729636 | J76: =H76-B$32 -> 1.9696155 | K76: =I76 -> 0.34729636 | L76: =SQRT(J76*J76+K76*K76) -> 2 | N76: =-B$26*AN76/(E76*E76) -> -0.37343731 | O76: =N76*COS(G76) -> -0.37328021 | P76: =N76*SIN(G76) -> -0.010830662 | Q76: =O76-B$34 -> 0.12671979 | R76: =P76 -> -0.010830662 | S76: =J76+Q76*B$33 -> 2.0963353 | T76: =R76+K76*B$33 -> 0.33646569 | U76: =SQRT(S76*S76+T76*T76) -> 2.1231653 | W76: =$A76 -> 10 | X76: =ATAN2(S76,T76) -> 0.15914455 | Y76: =ATAN(P76/O76) -> 0.029006692 | AA76: =A76 -> 10 | AB76: =L76 -> 2 | AC76: =$U76 -> 2.1231653 | AD76: 10 | AE76: =AG76 -> 1.066 | AF76: =$U76/AB76 -> 1.0615826 | AG76: =VLOOKUP(AD76,migkas!E$3:H$1002,3,1) -> 1.066 | AH76: =SQRT((AF76-AG76)*(AF76-AG76)) -> 0.0044173581 | AI76: =(AG76-AF76)/AG76 -> 0.0041438632 | AJ76: =AA76 -> 10 | AK76: =10^AF76 / AK$46 -> 5.7617266 | AL76: 10 | AM76: =AN76/B$27 -> 1.0709608 | AN76: =(1 - exp(-E76/C$61) * (1 + E76/C$61 + E76*E76/C$61/C$61/2)) *B$56 -> 53.548038 | AP76: =AJ76 -> 10 | AQ76: =AF256 -> 1.0842408 | AT76: =AT75+AT$55/10 -> 12 | AU76: =4/3 * PI() * AT76^B$53 *B$54 -> 50
A77: 11 | B77: =RADIANS(A77) -> 0.19198622 | C77: =B$28+B$29*COS(B77) -> 11.963254 | D77: =B$29*SIN(B77) -> 0.38161799 | E77: =(C77*C77+D77*D77)^0.5 -> 11.969339 | F77: =B$25*E77 -> 11.969339 | G77: =ATAN(D77/C77) -> 0.031888366 | H77: =F77*COS(G77) -> 11.963254 | I77: =F77*SIN(G77) -> 0.38161799 | J77: =H77-B$32 -> 1.9632544 | K77: =I77 -> 0.38161799 | L77: =SQRT(J77*J77+K77*K77) -> 2 | N77: =-B$26*AN77/(E77*E77) -> -0.37372122 | O77: =N77*COS(G77) -> -0.37353123 | P77: =N77*SIN(G77) -> -0.011915339 | Q77: =O77-B$34 -> 0.12646877 | R77: =P77 -> -0.011915339 | S77: =J77+Q77*B$33 -> 2.0897231 | T77: =R77+K77*B$33 -> 0.36970265 | U77: =SQRT(S77*S77+T77*T77) -> 2.1221741 | W77: =$A77 -> 11 | X77: =ATAN2(S77,T77) -> 0.17510282 | Y77: =ATAN(P77/O77) -> 0.031888366 | AA77: =A77 -> 11 | AB77: =L77 -> 2 | AC77: =$U77 -> 2.1221741 | AD77: 11 | AE77: =AG77 -> 1.106 | AF77: =$U77/AB77 -> 1.061087 | AG77: =VLOOKUP(AD77,migkas!E$3:H$1002,3,1) -> 1.106 | AH77: =SQRT((AF77-AG77)*(AF77-AG77)) -> 0.044912957 | AI77: =(AG77-AF77)/AG77 -> 0.04060846 | AJ77: =AA77 -> 11 | AK77: =10^AF77 / AK$46 -> 5.7551553 | AL77: 11 | AM77: =AN77/B$27 -> 1.0708241 | AN77: =(1 - exp(-E77/C$61) * (1 + E77/C$61 + E77*E77/C$61/C$61/2)) *B$56 -> 53.541204 | AP77: =AJ77 -> 11 | AQ77: =AF257 -> 1.0830549 | AT77: =AT76+AT$55/10 -> 13.2 | AU77: =4/3 * PI() * AT77^B$53 *B$54 -> 50
A78: 12 | B78: =RADIANS(A78) -> 0.20943951 | C78: =B$28+B$29*COS(B78) -> 11.956295 | D78: =B$29*SIN(B78) -> 0.41582338 | E78: =(C78*C78+D78*D78)^0.5 -> 11.963524 | F78: =B$25*E78 -> 11.963524 | G78: =ATAN(D78/C78) -> 0.034764602 | H78: =F78*COS(G78) -> 11.956295 | I78: =F78*SIN(G78) -> 0.41582338 | J78: =H78-B$32 -> 1.9562952 | K78: =I78 -> 0.41582338 | L78: =SQRT(J78*J78+K78*K78) -> 2 | N78: =-B$26*AN78/(E78*E78) -> -0.37403229 | O78: =N78*COS(G78) -> -0.37380629 | P78: =N78*SIN(G78) -> -0.013000465 | Q78: =O78-B$34 -> 0.12619371 | R78: =P78 -> -0.013000465 | S78: =J78+Q78*B$33 -> 2.0824889 | T78: =R78+K78*B$33 -> 0.40282292 | U78: =SQRT(S78*S78+T78*T78) -> 2.1210908 | W78: =$A78 -> 12 | X78: =ATAN2(S78,T78) -> 0.19107362 | Y78: =ATAN(P78/O78) -> 0.034764602 | AA78: =A78 -> 12 | AB78: =L78 -> 2 | AC78: =$U78 -> 2.1210908 | AD78: 12 | AE78: =AG78 -> 1.102 | AF78: =$U78/AB78 -> 1.0605454 | AG78: =VLOOKUP(AD78,migkas!E$3:H$1002,3,1) -> 1.102 | AH78: =SQRT((AF78-AG78)*(AF78-AG78)) -> 0.041454578 | AI78: =(AG78-AF78)/AG78 -> 0.037617584 | AJ78: =AA78 -> 12 | AK78: =10^AF78 / AK$46 -> 5.7479824 | AL78: 12 | AM78: =AN78/B$27 -> 1.0706742 | AN78: =(1 - exp(-E78/C$61) * (1 + E78/C$61 + E78*E78/C$61/C$61/2)) *B$56 -> 53.53371 | AP78: =AJ78 -> 12 | AQ78: =AF258 -> 1.081765 | AT78: =AT77+AT$55/10 -> 14.4 | AU78: =4/3 * PI() * AT78^B$53 *B$54 -> 50
A79: 13 | B79: =RADIANS(A79) -> 0.2268928 | C79: =B$28+B$29*COS(B79) -> 11.94874 | D79: =B$29*SIN(B79) -> 0.44990211 | E79: =(C79*C79+D79*D79)^0.5 -> 11.957207 | F79: =B$25*E79 -> 11.957207 | G79: =ATAN(D79/C79) -> 0.037634903 | H79: =F79*COS(G79) -> 11.94874 | I79: =F79*SIN(G79) -> 0.44990211 | J79: =H79-B$32 -> 1.9487401 | K79: =I79 -> 0.44990211 | L79: =SQRT(J79*J79+K79*K79) -> 2 | N79: =-B$26*AN79/(E79*E79) -> -0.37437054 | O79: =N79*COS(G79) -> -0.37410544 | P79: =N79*SIN(G79) -> -0.014086073 | Q79: =O79-B$34 -> 0.12589456 | R79: =P79 -> -0.014086073 | S79: =J79+Q79*B$33 -> 2.0746347 | T79: =R79+K79*B$33 -> 0.43581604 | U79: =SQRT(S79*S79+T79*T79) -> 2.1199162 | W79: =$A79 -> 13 | X79: =ATAN2(S79,T79) -> 0.20705809 | Y79: =ATAN(P79/O79) -> 0.037634903 | AA79: =A79 -> 13 | AB79: =L79 -> 2 | AC79: =$U79 -> 2.1199162 | AD79: 13 | AE79: =AG79 -> 1.116 | AF79: =$U79/AB79 -> 1.0599581 | AG79: =VLOOKUP(AD79,migkas!E$3:H$1002,3,1) -> 1.116 | AH79: =SQRT((AF79-AG79)*(AF79-AG79)) -> 0.056041898 | AI79: =(AG79-AF79)/AG79 -> 0.050216755 | AJ79: =AA79 -> 13 | AK79: =10^AF79 / AK$46 -> 5.7402143 | AL79: 13 | AM79: =AN79/B$27 -> 1.0705111 | AN79: =(1 - exp(-E79/C$61) * (1 + E79/C$61 + E79*E79/C$61/C$61/2)) *B$56 -> 53.525553 | AP79: =AJ79 -> 13 | AQ79: =AF259 -> 1.0803735 | AT79: =AT78+AT$55/10 -> 15.6 | AU79: =4/3 * PI() * AT79^B$53 *B$54 -> 50
A80: 14 | B80: =RADIANS(A80) -> 0.2443461 | C80: =B$28+B$29*COS(B80) -> 11.940591 | D80: =B$29*SIN(B80) -> 0.48384379 | E80: =(C80*C80+D80*D80)^0.5 -> 11.95039 | F80: =B$25*E80 -> 11.95039 | G80: =ATAN(D80/C80) -> 0.040498767 | H80: =F80*COS(G80) -> 11.940591 | I80: =F80*SIN(G80) -> 0.48384379 | J80: =H80-B$32 -> 1.9405915 | K80: =I80 -> 0.48384379 | L80: =SQRT(J80*J80+K80*K80) -> 2 | N80: =-B$26*AN80/(E80*E80) -> -0.37473599 | O80: =N80*COS(G80) -> -0.37442872 | P80: =N80*SIN(G80) -> -0.015172198 | Q80: =O80-B$34 -> 0.12557128 | R80: =P80 -> -0.015172198 | S80: =J80+Q80*B$33 -> 2.0661627 | T80: =R80+K80*B$33 -> 0.46867159 | U80: =SQRT(S80*S80+T80*T80) -> 2.1186509 | W80: =$A80 -> 14 | X80: =ATAN2(S80,T80) -> 0.22305737 | Y80: =ATAN(P80/O80) -> 0.040498767 | AA80: =A80 -> 14 | AB80: =L80 -> 2 | AC80: =$U80 -> 2.1186509 | AD80: 14 | AE80: =AG80 -> 1.1 | AF80: =$U80/AB80 -> 1.0593254 | AG80: =VLOOKUP(AD80,migkas!E$3:H$1002,3,1) -> 1.1 | AH80: =SQRT((AF80-AG80)*(AF80-AG80)) -> 0.040674567 | AI80: =(AG80-AF80)/AG80 -> 0.036976879 | AJ80: =AA80 -> 14 | AK80: =10^AF80 / AK$46 -> 5.7318582 | AL80: 14 | AM80: =AN80/B$27 -> 1.0703346 | AN80: =(1 - exp(-E80/C$61) * (1 + E80/C$61 + E80*E80/C$61/C$61/2)) *B$56 -> 53.516732 | AP80: =AJ80 -> 14 | AQ80: =AF260 -> 1.0788831 | AT80: =AT79+AT$55/10 -> 16.8 | AU80: =4/3 * PI() * AT80^B$53 *B$54 -> 50
A81: 15 | B81: =RADIANS(A81) -> 0.26179939 | C81: =B$28+B$29*COS(B81) -> 11.931852 | D81: =B$29*SIN(B81) -> 0.51763809 | E81: =(C81*C81+D81*D81)^0.5 -> 11.943075 | F81: =B$25*E81 -> 11.943075 | G81: =ATAN(D81/C81) -> 0.043355694 | H81: =F81*COS(G81) -> 11.931852 | I81: =F81*SIN(G81) -> 0.51763809 | J81: =H81-B$32 -> 1.9318517 | K81: =I81 -> 0.51763809 | L81: =SQRT(J81*J81+K81*K81) -> 2 | N81: =-B$26*AN81/(E81*E81) -> -0.37512869 | O81: =N81*COS(G81) -> -0.37477618 | P81: =N81*SIN(G81) -> -0.01625887 | Q81: =O81-B$34 -> 0.12522382 | R81: =P81 -> -0.01625887 | S81: =J81+Q81*B$33 -> 2.0570755 | T81: =R81+K81*B$33 -> 0.50137922 | U81: =SQRT(S81*S81+T81*T81) -> 2.1172956 | W81: =$A81 -> 15 | X81: =ATAN2(S81,T81) -> 0.23907261 | Y81: =ATAN(P81/O81) -> 0.043355694 | AA81: =A81 -> 15 | AB81: =L81 -> 2 | AC81: =$U81 -> 2.1172956 | AD81: 15 | AE81: =AG81 -> 1.102 | AF81: =$U81/AB81 -> 1.0586478 | AG81: =VLOOKUP(AD81,migkas!E$3:H$1002,3,1) -> 1.102 | AH81: =SQRT((AF81-AG81)*(AF81-AG81)) -> 0.043352203 | AI81: =(AG81-AF81)/AG81 -> 0.039339567 | AJ81: =AA81 -> 15 | AK81: =10^AF81 / AK$46 -> 5.7229217 | AL81: 15 | AM81: =AN81/B$27 -> 1.0701449 | AN81: =(1 - exp(-E81/C$61) * (1 + E81/C$61 + E81*E81/C$61/C$61/2)) *B$56 -> 53.507243 | AP81: =AJ81 -> 15 | AQ81: =AF261 -> 1.0772964
A82: 16 | B82: =RADIANS(A82) -> 0.27925268 | C82: =B$28+B$29*COS(B82) -> 11.922523 | D82: =B$29*SIN(B82) -> 0.55127471 | E82: =(C82*C82+D82*D82)^0.5 -> 11.935262 | F82: =B$25*E82 -> 11.935262 | G82: =ATAN(D82/C82) -> 0.046205181 | H82: =F82*COS(G82) -> 11.922523 | I82: =F82*SIN(G82) -> 0.55127471 | J82: =H82-B$32 -> 1.9225234 | K82: =I82 -> 0.55127471 | L82: =SQRT(J82*J82+K82*K82) -> 2 | N82: =-B$26*AN82/(E82*E82) -> -0.37554867 | O82: =N82*COS(G82) -> -0.37514786 | P82: =N82*SIN(G82) -> -0.01734612 | Q82: =O82-B$34 -> 0.12485214 | R82: =P82 -> -0.01734612 | S82: =J82+Q82*B$33 -> 2.0473755 | T82: =R82+K82*B$33 -> 0.53392859 | U82: =SQRT(S82*S82+T82*T82) -> 2.1158512 | W82: =$A82 -> 16 | X82: =ATAN2(S82,T82) -> 0.25510493 | Y82: =ATAN(P82/O82) -> 0.046205181 | AA82: =A82 -> 16 | AB82: =L82 -> 2 | AC82: =$U82 -> 2.1158512 | AD82: 16 | AE82: =AG82 -> 1.106 | AF82: =$U82/AB82 -> 1.0579256 | AG82: =VLOOKUP(AD82,migkas!E$3:H$1002,3,1) -> 1.106 | AH82: =SQRT((AF82-AG82)*(AF82-AG82)) -> 0.048074397 | AI82: =(AG82-AF82)/AG82 -> 0.043466905 | AJ82: =AA82 -> 16 | AK82: =10^AF82 / AK$46 -> 5.7134129 | AL82: 16 | AM82: =AN82/B$27 -> 1.0699417 | AN82: =(1 - exp(-E82/C$61) * (1 + E82/C$61 + E82*E82/C$61/C$61/2)) *B$56 -> 53.497083 | AP82: =AJ82 -> 16 | AQ82: =AF262 -> 1.0756165
A83: 17 | B83: =RADIANS(A83) -> 0.29670597 | C83: =B$28+B$29*COS(B83) -> 11.91261 | D83: =B$29*SIN(B83) -> 0.58474341 | E83: =(C83*C83+D83*D83)^0.5 -> 11.926952 | F83: =B$25*E83 -> 11.926952 | G83: =ATAN(D83/C83) -> 0.049046722 | H83: =F83*COS(G83) -> 11.91261 | I83: =F83*SIN(G83) -> 0.58474341 | J83: =H83-B$32 -> 1.9126095 | K83: =I83 -> 0.58474341 | L83: =SQRT(J83*J83+K83*K83) -> 2 | N83: =-B$26*AN83/(E83*E83) -> -0.37599596 | O83: =N83*COS(G83) -> -0.37554381 | P83: =N83*SIN(G83) -> -0.018433977 | Q83: =O83-B$34 -> 0.12445619 | R83: =P83 -> -0.018433977 | S83: =J83+Q83*B$33 -> 2.0370657 | T83: =R83+K83*B$33 -> 0.56630943 | U83: =SQRT(S83*S83+T83*T83) -> 2.1143186 | W83: =$A83 -> 17 | X83: =ATAN2(S83,T83) -> 0.2711555 | Y83: =ATAN(P83/O83) -> 0.049046722 | AA83: =A83 -> 17 | AB83: =L83 -> 2 | AC83: =$U83 -> 2.1143186 | AD83: 17 | AE83: =AG83 -> 1.106 | AF83: =$U83/AB83 -> 1.0571593 | AG83: =VLOOKUP(AD83,migkas!E$3:H$1002,3,1) -> 1.106 | AH83: =SQRT((AF83-AG83)*(AF83-AG83)) -> 0.048840712 | AI83: =(AG83-AF83)/AG83 -> 0.044159775 | AJ83: =AA83 -> 17 | AK83: =10^AF83 / AK$46 -> 5.7033404 | AL83: 17 | AM83: =AN83/B$27 -> 1.069725 | AN83: =(1 - exp(-E83/C$61) * (1 + E83/C$61 + E83*E83/C$61/C$61/2)) *B$56 -> 53.486249 | AP83: =AJ83 -> 17 | AQ83: =AF263 -> 1.0738463
A84: 18 | B84: =RADIANS(A84) -> 0.31415927 | C84: =B$28+B$29*COS(B84) -> 11.902113 | D84: =B$29*SIN(B84) -> 0.61803399 | E84: =(C84*C84+D84*D84)^0.5 -> 11.918148 | F84: =B$25*E84 -> 11.918148 | G84: =ATAN(D84/C84) -> 0.051879814 | H84: =F84*COS(G84) -> 11.902113 | I84: =F84*SIN(G84) -> 0.61803399 | J84: =H84-B$32 -> 1.902113 | K84: =I84 -> 0.61803399 | L84: =SQRT(J84*J84+K84*K84) -> 2 | N84: =-B$26*AN84/(E84*E84) -> -0.37647062 | O84: =N84*COS(G84) -> -0.3759641 | P84: =N84*SIN(G84) -> -0.019522465 | Q84: =O84-B$34 -> 0.1240359 | R84: =P84 -> -0.019522465 | S84: =J84+Q84*B$33 -> 2.0261489 | T84: =R84+K84*B$33 -> 0.59851152 | U84: =SQRT(S84*S84+T84*T84) -> 2.1126986 | W84: =$A84 -> 18 | X84: =ATAN2(S84,T84) -> 0.28722544 | Y84: =ATAN(P84/O84) -> 0.051879814 | AA84: =A84 -> 18 | AB84: =L84 -> 2 | AC84: =$U84 -> 2.1126986 | AD84: 18 | AE84: =AG84 -> 1.1 | AF84: =$U84/AB84 -> 1.0563493 | AG84: =VLOOKUP(AD84,migkas!E$3:H$1002,3,1) -> 1.1 | AH84: =SQRT((AF84-AG84)*(AF84-AG84)) -> 0.043650678 | AI84: =(AG84-AF84)/AG84 -> 0.039682435 | AJ84: =AA84 -> 18 | AK84: =10^AF84 / AK$46 -> 5.6927135 | AL84: 18 | AM84: =AN84/B$27 -> 1.0694948 | AN84: =(1 - exp(-E84/C$61) * (1 + E84/C$61 + E84*E84/C$61/C$61/2)) *B$56 -> 53.474738 | AP84: =AJ84 -> 18 | AQ84: =AF264 -> 1.0719891
A85: 19 | B85: =RADIANS(A85) -> 0.33161256 | C85: =B$28+B$29*COS(B85) -> 11.891037 | D85: =B$29*SIN(B85) -> 0.65113631 | E85: =(C85*C85+D85*D85)^0.5 -> 11.908851 | F85: =B$25*E85 -> 11.908851 | G85: =ATAN(D85/C85) -> 0.054703947 | H85: =F85*COS(G85) -> 11.891037 | I85: =F85*SIN(G85) -> 0.65113631 | J85: =H85-B$32 -> 1.8910372 | K85: =I85 -> 0.65113631 | L85: =SQRT(J85*J85+K85*K85) -> 2 | N85: =-B$26*AN85/(E85*E85) -> -0.37697268 | O85: =N85*COS(G85) -> -0.37640877 | P85: =N85*SIN(G85) -> -0.02061161 | Q85: =O85-B$34 -> 0.12359123 | R85: =P85 -> -0.02061161 | S85: =J85+Q85*B$33 -> 2.0146284 | T85: =R85+K85*B$33 -> 0.6305247 | U85: =SQRT(S85*S85+T85*T85) -> 2.1109924 | W85: =$A85 -> 19 | X85: =ATAN2(S85,T85) -> 0.30331591 | Y85: =ATAN(P85/O85) -> 0.054703947 | AA85: =A85 -> 19 | AB85: =L85 -> 2 | AC85: =$U85 -> 2.1109924 | AD85: 19 | AE85: =AG85 -> 1.098 | AF85: =$U85/AB85 -> 1.0554962 | AG85: =VLOOKUP(AD85,migkas!E$3:H$1002,3,1) -> 1.098 | AH85: =SQRT((AF85-AG85)*(AF85-AG85)) -> 0.042503799 | AI85: =(AG85-AF85)/AG85 -> 0.0387102 | AJ85: =AA85 -> 19 | AK85: =10^AF85 / AK$46 -> 5.6815418 | AL85: 19 | AM85: =AN85/B$27 -> 1.0692509 | AN85: =(1 - exp(-E85/C$61) * (1 + E85/C$61 + E85*E85/C$61/C$61/2)) *B$56 -> 53.462545 | AP85: =AJ85 -> 19 | AQ85: =AF265 -> 1.0700484
A86: 20 | B86: =RADIANS(A86) -> 0.34906585 | C86: =B$28+B$29*COS(B86) -> 11.879385 | D86: =B$29*SIN(B86) -> 0.68404029 | E86: =(C86*C86+D86*D86)^0.5 -> 11.899063 | F86: =B$25*E86 -> 11.899063 | G86: =ATAN(D86/C86) -> 0.057518613 | H86: =F86*COS(G86) -> 11.879385 | I86: =F86*SIN(G86) -> 0.68404029 | J86: =H86-B$32 -> 1.8793852 | K86: =I86 -> 0.68404029 | L86: =SQRT(J86*J86+K86*K86) -> 2 | N86: =-B$26*AN86/(E86*E86) -> -0.37750218 | O86: =N86*COS(G86) -> -0.37687789 | P86: =N86*SIN(G86) -> -0.021701431 | Q86: =O86-B$34 -> 0.12312211 | R86: =P86 -> -0.021701431 | S86: =J86+Q86*B$33 -> 2.0025074 | T86: =R86+K86*B$33 -> 0.66233886 | U86: =SQRT(S86*S86+T86*T86) -> 2.1092009 | W86: =$A86 -> 20 | X86: =ATAN2(S86,T86) -> 0.31942805 | Y86: =ATAN(P86/O86) -> 0.057518613 | AA86: =A86 -> 20 | AB86: =L86 -> 2 | AC86: =$U86 -> 2.1092009 | AD86: 20 | AE86: =AG86 -> 1.12 | AF86: =$U86/AB86 -> 1.0546005 | AG86: =VLOOKUP(AD86,migkas!E$3:H$1002,3,1) -> 1.12 | AH86: =SQRT((AF86-AG86)*(AF86-AG86)) -> 0.065399548 | AI86: =(AG86-AF86)/AG86 -> 0.058392453 | AJ86: =AA86 -> 20 | AK86: =10^AF86 / AK$46 -> 5.6698355 | AL86: 20 | AM86: =AN86/B$27 -> 1.0689933 | AN86: =(1 - exp(-E86/C$61) * (1 + E86/C$61 + E86*E86/C$61/C$61/2)) *B$56 -> 53.449667 | AP86: =AJ86 -> 20 | AQ86: =AF266 -> 1.0680276
A87: 21 | B87: =RADIANS(A87) -> 0.36651914 | C87: =B$28+B$29*COS(B87) -> 11.867161 | D87: =B$29*SIN(B87) -> 0.7167359 | E87: =(C87*C87+D87*D87)^0.5 -> 11.888785 | F87: =B$25*E87 -> 11.888785 | G87: =ATAN(D87/C87) -> 0.060323301 | H87: =F87*COS(G87) -> 11.867161 | I87: =F87*SIN(G87) -> 0.7167359 | J87: =H87-B$32 -> 1.8671609 | K87: =I87 -> 0.7167359 | L87: =SQRT(J87*J87+K87*K87) -> 2 | N87: =-B$26*AN87/(E87*E87) -> -0.37805918 | O87: =N87*COS(G87) -> -0.37737152 | P87: =N87*SIN(G87) -> -0.022791948 | Q87: =O87-B$34 -> 0.12262848 | R87: =P87 -> -0.022791948 | S87: =J87+Q87*B$33 -> 1.9897893 | T87: =R87+K87*B$33 -> 0.69394395 | U87: =SQRT(S87*S87+T87*T87) -> 2.1073253 | W87: =$A87 -> 21 | X87: =ATAN2(S87,T87) -> 0.33556301 | Y87: =ATAN(P87/O87) -> 0.060323301 | AA87: =A87 -> 21 | AB87: =L87 -> 2 | AC87: =$U87 -> 2.1073253 | AD87: 21 | AE87: =AG87 -> 1.102 | AF87: =$U87/AB87 -> 1.0536626 | AG87: =VLOOKUP(AD87,migkas!E$3:H$1002,3,1) -> 1.102 | AH87: =SQRT((AF87-AG87)*(AF87-AG87)) -> 0.048337366 | AI87: =(AG87-AF87)/AG87 -> 0.043863309 | AJ87: =AA87 -> 21 | AK87: =10^AF87 / AK$46 -> 5.6576052 | AL87: 21 | AM87: =AN87/B$27 -> 1.068722 | AN87: =(1 - exp(-E87/C$61) * (1 + E87/C$61 + E87*E87/C$61/C$61/2)) *B$56 -> 53.4361 | AP87: =AJ87 -> 21 | AQ87: =AF267 -> 1.0659303
A88: 22 | B88: =RADIANS(A88) -> 0.38397244 | C88: =B$28+B$29*COS(B88) -> 11.854368 | D88: =B$29*SIN(B88) -> 0.74921319 | E88: =(C88*C88+D88*D88)^0.5 -> 11.87802 | F88: =B$25*E88 -> 11.87802 | G88: =ATAN(D88/C88) -> 0.063117497 | H88: =F88*COS(G88) -> 11.854368 | I88: =F88*SIN(G88) -> 0.74921319 | J88: =H88-B$32 -> 1.8543677 | K88: =I88 -> 0.74921319 | L88: =SQRT(J88*J88+K88*K88) -> 2 | N88: =-B$26*AN88/(E88*E88) -> -0.37864371 | O88: =N88*COS(G88) -> -0.37788974 | P88: =N88*SIN(G88) -> -0.023883178 | Q88: =O88-B$34 -> 0.12211026 | R88: =P88 -> -0.023883178 | S88: =J88+Q88*B$33 -> 1.976478 | T88: =R88+K88*B$33 -> 0.72533001 | U88: =SQRT(S88*S88+T88*T88) -> 2.1053667 | W88: =$A88 -> 22 | X88: =ATAN2(S88,T88) -> 0.35172191 | Y88: =ATAN(P88/O88) -> 0.063117497 | AA88: =A88 -> 22 | AB88: =L88 -> 2 | AC88: =$U88 -> 2.1053667 | AD88: 22 | AE88: =AG88 -> 1.124 | AF88: =$U88/AB88 -> 1.0526833 | AG88: =VLOOKUP(AD88,migkas!E$3:H$1002,3,1) -> 1.124 | AH88: =SQRT((AF88-AG88)*(AF88-AG88)) -> 0.071316668 | AI88: =(AG88-AF88)/AG88 -> 0.063448992 | AJ88: =AA88 -> 22 | AK88: =10^AF88 / AK$46 -> 5.6448621 | AL88: 22 | AM88: =AN88/B$27 -> 1.0684368 | AN88: =(1 - exp(-E88/C$61) * (1 + E88/C$61 + E88*E88/C$61/C$61/2)) *B$56 -> 53.421839 | AP88: =AJ88 -> 22 | AQ88: =AF268 -> 1.0637604
A89: 23 | B89: =RADIANS(A89) -> 0.40142573 | C89: =B$28+B$29*COS(B89) -> 11.84101 | D89: =B$29*SIN(B89) -> 0.78146226 | E89: =(C89*C89+D89*D89)^0.5 -> 11.866768 | F89: =B$25*E89 -> 11.866768 | G89: =ATAN(D89/C89) -> 0.065900686 | H89: =F89*COS(G89) -> 11.84101 | I89: =F89*SIN(G89) -> 0.78146226 | J89: =H89-B$32 -> 1.8410097 | K89: =I89 -> 0.78146226 | L89: =SQRT(J89*J89+K89*K89) -> 2 | N89: =-B$26*AN89/(E89*E89) -> -0.37925584 | O89: =N89*COS(G89) -> -0.3784326 | P89: =N89*SIN(G89) -> -0.024975133 | Q89: =O89-B$34 -> 0.1215674 | R89: =P89 -> -0.024975133 | S89: =J89+Q89*B$33 -> 1.9625771 | T89: =R89+K89*B$33 -> 0.75648712 | U89: =SQRT(S89*S89+T89*T89) -> 2.1033263 | W89: =$A89 -> 23 | X89: =ATAN2(S89,T89) -> 0.36790592 | Y89: =ATAN(P89/O89) -> 0.065900686 | AA89: =A89 -> 23 | AB89: =L89 -> 2 | AC89: =$U89 -> 2.1033263 | AD89: 23 | AE89: =AG89 -> 1.138 | AF89: =$U89/AB89 -> 1.0516632 | AG89: =VLOOKUP(AD89,migkas!E$3:H$1002,3,1) -> 1.138 | AH89: =SQRT((AF89-AG89)*(AF89-AG89)) -> 0.086336833 | AI89: =(AG89-AF89)/AG89 -> 0.075867165 | AJ89: =AA89 -> 23 | AK89: =10^AF89 / AK$46 -> 5.6316178 | AL89: 23 | AM89: =AN89/B$27 -> 1.0681376 | AN89: =(1 - exp(-E89/C$61) * (1 + E89/C$61 + E89*E89/C$61/C$61/2)) *B$56 -> 53.406881 | AP89: =AJ89 -> 23 | AQ89: =AF269 -> 1.0615218
A90: 24 | B90: =RADIANS(A90) -> 0.41887902 | C90: =B$28+B$29*COS(B90) -> 11.827091 | D90: =B$29*SIN(B90) -> 0.81347329 | E90: =(C90*C90+D90*D90)^0.5 -> 11.855033 | F90: =B$25*E90 -> 11.855033 | G90: =ATAN(D90/C90) -> 0.068672351 | H90: =F90*COS(G90) -> 11.827091 | I90: =F90*SIN(G90) -> 0.81347329 | J90: =H90-B$32 -> 1.8270909 | K90: =I90 -> 0.81347329 | L90: =SQRT(J90*J90+K90*K90) -> 2 | N90: =-B$26*AN90/(E90*E90) -> -0.37989561 | O90: =N90*COS(G90) -> -0.37900019 | P90: =N90*SIN(G90) -> -0.026067824 | Q90: =O90-B$34 -> 0.12099981 | R90: =P90 -> -0.026067824 | S90: =J90+Q90*B$33 -> 1.9480907 | T90: =R90+K90*B$33 -> 0.78740546 | U90: =SQRT(S90*S90+T90*T90) -> 2.1012056 | W90: =$A90 -> 24 | X90: =ATAN2(S90,T90) -> 0.38411616 | Y90: =ATAN(P90/O90) -> 0.068672351 | AA90: =A90 -> 24 | AB90: =L90 -> 2 | AC90: =$U90 -> 2.1012056 | AD90: 24 | AE90: =AG90 -> 1.178 | AF90: =$U90/AB90 -> 1.0506028 | AG90: =VLOOKUP(AD90,migkas!E$3:H$1002,3,1) -> 1.178 | AH90: =SQRT((AF90-AG90)*(AF90-AG90)) -> 0.12739721 | AI90: =(AG90-AF90)/AG90 -> 0.10814704 | AJ90: =AA90 -> 24 | AK90: =10^AF90 / AK$46 -> 5.6178843 | AL90: 24 | AM90: =AN90/B$27 -> 1.0678244 | AN90: =(1 - exp(-E90/C$61) * (1 + E90/C$61 + E90*E90/C$61/C$61/2)) *B$56 -> 53.391219 | AP90: =AJ90 -> 24 | AQ90: =AF270 -> 1.0592183
A91: 25 | B91: =RADIANS(A91) -> 0.43633231 | C91: =B$28+B$29*COS(B91) -> 11.812616 | D91: =B$29*SIN(B91) -> 0.84523652 | E91: =(C91*C91+D91*D91)^0.5 -> 11.842817 | F91: =B$25*E91 -> 11.842817 | G91: =ATAN(D91/C91) -> 0.071431972 | H91: =F91*COS(G91) -> 11.812616 | I91: =F91*SIN(G91) -> 0.84523652 | J91: =H91-B$32 -> 1.8126156 | K91: =I91 -> 0.84523652 | L91: =SQRT(J91*J91+K91*K91) -> 2 | N91: =-B$26*AN91/(E91*E91) -> -0.38056307 | O91: =N91*COS(G91) -> -0.37959257 | P91: =N91*SIN(G91) -> -0.027161258 | Q91: =O91-B$34 -> 0.12040743 | R91: =P91 -> -0.027161258 | S91: =J91+Q91*B$33 -> 1.933023 | T91: =R91+K91*B$33 -> 0.81807527 | U91: =SQRT(S91*S91+T91*T91) -> 2.0990057 | W91: =$A91 -> 25 | X91: =ATAN2(S91,T91) -> 0.40035379 | Y91: =ATAN(P91/O91) -> 0.071431972 | AA91: =A91 -> 25 | AB91: =L91 -> 2 | AC91: =$U91 -> 2.0990057 | AD91: 25 | AE91: =AG91 -> 1.178 | AF91: =$U91/AB91 -> 1.0495029 | AG91: =VLOOKUP(AD91,migkas!E$3:H$1002,3,1) -> 1.178 | AH91: =SQRT((AF91-AG91)*(AF91-AG91)) -> 0.12849713 | AI91: =(AG91-AF91)/AG91 -> 0.10908076 | AJ91: =AA91 -> 25 | AK91: =10^AF91 / AK$46 -> 5.6036741 | AL91: 25 | AM91: =AN91/B$27 -> 1.067497 | AN91: =(1 - exp(-E91/C$61) * (1 + E91/C$61 + E91*E91/C$61/C$61/2)) *B$56 -> 53.374851 | AP91: =AJ91 -> 25 | AQ91: =AF271 -> 1.0568543
A92: 26 | B92: =RADIANS(A92) -> 0.45378561 | C92: =B$28+B$29*COS(B92) -> 11.797588 | D92: =B$29*SIN(B92) -> 0.87674229 | E92: =(C92*C92+D92*D92)^0.5 -> 11.830121 | F92: =B$25*E92 -> 11.830121 | G92: =ATAN(D92/C92) -> 0.074179027 | H92: =F92*COS(G92) -> 11.797588 | I92: =F92*SIN(G92) -> 0.87674229 | J92: =H92-B$32 -> 1.7975881 | K92: =I92 -> 0.87674229 | L92: =SQRT(J92*J92+K92*K92) -> 2 | N92: =-B$26*AN92/(E92*E92) -> -0.38125829 | O92: =N92*COS(G92) -> -0.38020983 | P92: =N92*SIN(G92) -> -0.02825544 | Q92: =O92-B$34 -> 0.11979017 | R92: =P92 -> -0.02825544 | S92: =J92+Q92*B$33 -> 1.9173783 | T92: =R92+K92*B$33 -> 0.84848685 | U92: =SQRT(S92*S92+T92*T92) -> 2.0967282 | W92: =$A92 -> 26 | X92: =ATAN2(S92,T92) -> 0.41661993 | Y92: =ATAN(P92/O92) -> 0.074179027 | AA92: =A92 -> 26 | AB92: =L92 -> 2 | AC92: =$U92 -> 2.0967282 | AD92: 26 | AE92: =AG92 -> 1.134 | AF92: =$U92/AB92 -> 1.0483641 | AG92: =VLOOKUP(AD92,migkas!E$3:H$1002,3,1) -> 1.134 | AH92: =SQRT((AF92-AG92)*(AF92-AG92)) -> 0.085635876 | AI92: =(AG92-AF92)/AG92 -> 0.075516645 | AJ92: =AA92 -> 26 | AK92: =10^AF92 / AK$46 -> 5.5890002 | AL92: 26 | AM92: =AN92/B$27 -> 1.0671554 | AN92: =(1 - exp(-E92/C$61) * (1 + E92/C$61 + E92*E92/C$61/C$61/2)) *B$56 -> 53.357769 | AP92: =AJ92 -> 26 | AQ92: =AF272 -> 1.0544337
... A246: 180 | B246: =RADIANS(A246) -> 3.1415927 | C246: =B$28+B$29*COS(B246) -> 8 | D246: =B$29*SIN(B246) -> 0 | E246: =(C246*C246+D246*D246)^0.5 -> 8 | F246: =B$25*E246 -> 8 | G246: =ATAN(D246/C246) -> 0 | H246: =F246*COS(G246) -> 8 | I246: =F246*SIN(G246) -> 0 | J246: =H246-B$32 -> -2 | K246: =I246 -> 0 | L246: =SQRT(J246*J246+K246*K246) -> 2 | N246: =-B$26*AN246/(E246*E246) -> -0.67999448 | O246: =N246*COS(G246) -> -0.67999448 | P246: =N246*SIN(G246) -> 0 | Q246: =O246-B$34 -> -0.17999448 | R246: =P246 -> 0 | S246: =J246+Q246*B$33 -> -2.1799945 | T246: =R246+K246*B$33 -> 0 | U246: =SQRT(S246*S246+T246*T246) -> 2.1799945 | W246: =$A246 -> 180 | X246: =ATAN2(S246,T246) -> 3.1415927 | Y246: =ATAN(P246/O246) -> 0 | AA246: =A246 -> 180 | AB246: =L246 -> 2 | AC246: =$U246 -> 2.1799945 | AD246: 180 | AE246: =AG246 -> 1.068 | AF246: =$U246/AB246 -> 1.0899972 | AG246: =VLOOKUP(AD246,migkas!E$3:H$1002,3,1) -> 1.068 | AH246: =SQRT((AF246-AG246)*(AF246-AG246)) -> 0.021997239 | AI246: =(AG246-AF246)/AG246 -> -0.020596665 | AJ246: =AA246 -> 180 | AK246: =10^AF246 / AK$46 -> 6.1513047 | AL246: 180 | AM246: =AN246/B$27 -> 0.87039293 | AN246: =(1 - exp(-E246/C$61) * (1 + E246/C$61 + E246*E246/C$61/C$61/2)) *B$56 -> 43.519647 | AP246: =AJ246 -> 180 | AQ246: =AF426 -> 1.0639567
A247: 181 | B247: =RADIANS(A247) -> 3.1590459 | C247: =B$28+B$29*COS(B247) -> 8.0003046 | D247: =B$29*SIN(B247) -> -0.034904813 | E247: =(C247*C247+D247*D247)^0.5 -> 8.0003808 | F247: =B$25*E247 -> 8.0003808 | G247: =ATAN(D247/C247) -> -0.0043629078 | H247: =F247*COS(G247) -> 8.0003046 | I247: =F247*SIN(G247) -> -0.034904813 | J247: =H247-B$32 -> -1.9996954 | K247: =I247 -> -0.034904813 | L247: =SQRT(J247*J247+K247*K247) -> 2 | N247: =-B$26*AN247/(E247*E247) -> -0.67995465 | O247: =N247*COS(G247) -> -0.67994818 | P247: =N247*SIN(G247) -> 0.00296657 | Q247: =O247-B$34 -> -0.17994818 | R247: =P247 -> 0.00296657 | S247: =J247+Q247*B$33 -> -2.1796436 | T247: =R247+K247*B$33 -> -0.031938243 | U247: =SQRT(S247*S247+T247*T247) -> 2.1798775 | W247: =$A247 -> 181 | X247: =ATAN2(S247,T247) -> -3.1269407 | Y247: =ATAN(P247/O247) -> -0.0043629078 | AA247: =A247 -> 181 | AB247: =L247 -> 2 | AC247: =$U247 -> 2.1798775 | AD247: 181 | AE247: =AG247 -> 1.088 | AF247: =$U247/AB247 -> 1.0899388 | AG247: =VLOOKUP(AD247,migkas!E$3:H$1002,3,1) -> 1.088 | AH247: =SQRT((AF247-AG247)*(AF247-AG247)) -> 0.0019387743 | AI247: =(AG247-AF247)/AG247 -> -0.0017819616 | AJ247: =AA247 -> 181 | AK247: =10^AF247 / AK$46 -> 6.1504767 | AL247: 181 | AM247: =AN247/B$27 -> 0.8704248 | AN247: =(1 - exp(-E247/C$61) * (1 + E247/C$61 + E247*E247/C$61/C$61/2)) *B$56 -> 43.52124 | AP247: =AJ247 -> 181 | AQ247: =AF67 -> 1.0639328
A248: 182 | B248: =RADIANS(A248) -> 3.1764992 | C248: =B$28+B$29*COS(B248) -> 8.0012183 | D248: =B$29*SIN(B248) -> -0.069798993 | E248: =(C248*C248+D248*D248)^0.5 -> 8.0015228 | F248: =B$25*E248 -> 8.0015228 | G248: =ATAN(D248/C248) -> -0.0087233244 | H248: =F248*COS(G248) -> 8.0012183 | I248: =F248*SIN(G248) -> -0.069798993 | J248: =H248-B$32 -> -1.9987817 | K248: =I248 -> -0.069798993 | L248: =SQRT(J248*J248+K248*K248) -> 2 | N248: =-B$26*AN248/(E248*E248) -> -0.67983519 | O248: =N248*COS(G248) -> -0.67980933 | P248: =N248*SIN(G248) -> 0.0059303477 | Q248: =O248-B$34 -> -0.17980933 | R248: =P248 -> 0.0059303477 | S248: =J248+Q248*B$33 -> -2.178591 | T248: =R248+K248*B$33 -> -0.063868646 | U248: =SQRT(S248*S248+T248*T248) -> 2.179527 | W248: =$A248 -> 182 | X248: =ATAN2(S248,T248) -> -3.1122846 | Y248: =ATAN(P248/O248) -> -0.0087233244 | AA248: =A248 -> 182 | AB248: =L248 -> 2 | AC248: =$U248 -> 2.179527 | AD248: 182 | AE248: =AG248 -> 1.078 | AF248: =$U248/AB248 -> 1.0897635 | AG248: =VLOOKUP(AD248,migkas!E$3:H$1002,3,1) -> 1.078 | AH248: =SQRT((AF248-AG248)*(AF248-AG248)) -> 0.011763491 | AI248: =(AG248-AF248)/AG248 -> -0.010912329 | AJ248: =AA248 -> 182 | AK248: =10^AF248 / AK$46 -> 6.1479949 | AL248: 182 | AM248: =AN248/B$27 -> 0.87052036 | AN248: =(1 - exp(-E248/C$61) * (1 + E248/C$61 + E248*E248/C$61/C$61/2)) *B$56 -> 43.526018 | AP248: =AJ248 -> 182 | AQ248: =AF68 -> 1.0638613
A249: 183 | B249: =RADIANS(A249) -> 3.1939525 | C249: =B$28+B$29*COS(B249) -> 8.0027409 | D249: =B$29*SIN(B249) -> -0.10467191 | E249: =(C249*C249+D249*D249)^0.5 -> 8.0034254 | F249: =B$25*E249 -> 8.0034254 | G249: =ATAN(D249/C249) -> -0.013078762 | H249: =F249*COS(G249) -> 8.0027409 | I249: =F249*SIN(G249) -> -0.10467191 | J249: =H249-B$32 -> -1.9972591 | K249: =I249 -> -0.10467191 | L249: =SQRT(J249*J249+K249*K249) -> 2 | N249: =-B$26*AN249/(E249*E249) -> -0.67963622 | O249: =N249*COS(G249) -> -0.6795781 | P249: =N249*SIN(G249) -> 0.008888547 | Q249: =O249-B$34 -> -0.1795781 | R249: =P249 -> 0.008888547 | S249: =J249+Q249*B$33 -> -2.1768372 | T249: =R249+K249*B$33 -> -0.095783365 | U249: =SQRT(S249*S249+T249*T249) -> 2.1789434 | W249: =$A249 -> 183 | X249: =ATAN2(S249,T249) -> -3.0976199 | Y249: =ATAN(P249/O249) -> -0.013078762 | AA249: =A249 -> 183 | AB249: =L249 -> 2 | AC249: =$U249 -> 2.1789434 | AD249: 183 | AE249: =AG249 -> 1.078 | AF249: =$U249/AB249 -> 1.0894717 | AG249: =VLOOKUP(AD249,migkas!E$3:H$1002,3,1) -> 1.078 | AH249: =SQRT((AF249-AG249)*(AF249-AG249)) -> 0.011471719 | AI249: =(AG249-AF249)/AG249 -> -0.010641669 | AJ249: =AA249 -> 183 | AK249: =10^AF249 / AK$46 -> 6.1438658 | AL249: 183 | AM249: =AN249/B$27 -> 0.8706795 | AN249: =(1 - exp(-E249/C$61) * (1 + E249/C$61 + E249*E249/C$61/C$61/2)) *B$56 -> 43.533975 | AP249: =AJ249 -> 183 | AQ249: =AF69 -> 1.0637421
A250: 184 | B250: =RADIANS(A250) -> 3.2114058 | C250: =B$28+B$29*COS(B250) -> 8.0048719 | D250: =B$29*SIN(B250) -> -0.13951295 | E250: =(C250*C250+D250*D250)^0.5 -> 8.0060876 | F250: =B$25*E250 -> 8.0060876 | G250: =ATAN(D250/C250) -> -0.01742674 | H250: =F250*COS(G250) -> 8.0048719 | I250: =F250*SIN(G250) -> -0.13951295 | J250: =H250-B$32 -> -1.9951281 | K250: =I250 -> -0.13951295 | L250: =SQRT(J250*J250+K250*K250) -> 2 | N250: =-B$26*AN250/(E250*E250) -> -0.67935792 | O250: =N250*COS(G250) -> -0.67925477 | P250: =N250*SIN(G250) -> 0.011838395 | Q250: =O250-B$34 -> -0.17925477 | R250: =P250 -> 0.011838395 | S250: =J250+Q250*B$33 -> -2.1743829 | T250: =R250+K250*B$33 -> -0.12767455 | U250: =SQRT(S250*S250+T250*T250) -> 2.178128 | W250: =$A250 -> 184 | X250: =ATAN2(S250,T250) -> -3.0829424 | Y250: =ATAN(P250/O250) -> -0.01742674 | AA250: =A250 -> 184 | AB250: =L250 -> 2 | AC250: =$U250 -> 2.178128 | AD250: 184 | AE250: =AG250 -> 1.064 | AF250: =$U250/AB250 -> 1.089064 | AG250: =VLOOKUP(AD250,migkas!E$3:H$1002,3,1) -> 1.064 | AH250: =SQRT((AF250-AG250)*(AF250-AG250)) -> 0.025064006 | AI250: =(AG250-AF250)/AG250 -> -0.023556397 | AJ250: =AA250 -> 184 | AK250: =10^AF250 / AK$46 -> 6.1381007 | AL250: 184 | AM250: =AN250/B$27 -> 0.87090204 | AN250: =(1 - exp(-E250/C$61) * (1 + E250/C$61 + E250*E250/C$61/C$61/2)) *B$56 -> 43.545102 | AP250: =AJ250 -> 184 | AQ250: =AF70 -> 1.0635753
A251: 185 | B251: =RADIANS(A251) -> 3.2288591 | C251: =B$28+B$29*COS(B251) -> 8.0076106 | D251: =B$29*SIN(B251) -> -0.17431149 | E251: =(C251*C251+D251*D251)^0.5 -> 8.0095076 | F251: =B$25*E251 -> 8.0095076 | G251: =ATAN(D251/C251) -> -0.02176479 | H251: =F251*COS(G251) -> 8.0076106 | I251: =F251*SIN(G251) -> -0.17431149 | J251: =H251-B$32 -> -1.9923894 | K251: =I251 -> -0.17431149 | L251: =SQRT(J251*J251+K251*K251) -> 2 | N251: =-B$26*AN251/(E251*E251) -> -0.67900054 | O251: =N251*COS(G251) -> -0.67883972 | P251: =N251*SIN(G251) -> 0.014777137 | Q251: =O251-B$34 -> -0.17883972 | R251: =P251 -> 0.014777137 | S251: =J251+Q251*B$33 -> -2.1712291 | T251: =R251+K251*B$33 -> -0.15953435 | U251: =SQRT(S251*S251+T251*T251) -> 2.1770822 | W251: =$A251 -> 185 | X251: =ATAN2(S251,T251) -> -3.0682479 | Y251: =ATAN(P251/O251) -> -0.02176479 | AA251: =A251 -> 185 | AB251: =L251 -> 2 | AC251: =$U251 -> 2.1770822 | AD251: 185 | AE251: =AG251 -> 1.064 | AF251: =$U251/AB251 -> 1.0885411 | AG251: =VLOOKUP(AD251,migkas!E$3:H$1002,3,1) -> 1.064 | AH251: =SQRT((AF251-AG251)*(AF251-AG251)) -> 0.02454112 | AI251: =(AG251-AF251)/AG251 -> -0.023064962 | AJ251: =AA251 -> 185 | AK251: =10^AF251 / AK$46 -> 6.130715 | AL251: 185 | AM251: =AN251/B$27 -> 0.87118773 | AN251: =(1 - exp(-E251/C$61) * (1 + E251/C$61 + E251*E251/C$61/C$61/2)) *B$56 -> 43.559386 | AP251: =AJ251 -> 185 | AQ251: =AF71 -> 1.063361
A252: 186 | B252: =RADIANS(A252) -> 3.2463124 | C252: =B$28+B$29*COS(B252) -> 8.0109562 | D252: =B$29*SIN(B252) -> -0.20905693 | E252: =(C252*C252+D252*D252)^0.5 -> 8.0136836 | F252: =B$25*E252 -> 8.0136836 | G252: =ATAN(D252/C252) -> -0.026090455 | H252: =F252*COS(G252) -> 8.0109562 | I252: =F252*SIN(G252) -> -0.20905693 | J252: =H252-B$32 -> -1.9890438 | K252: =I252 -> -0.20905693 | L252: =SQRT(J252*J252+K252*K252) -> 2 | N252: =-B$26*AN252/(E252*E252) -> -0.6785644 | O252: =N252*COS(G252) -> -0.67833346 | P252: =N252*SIN(G252) -> 0.017702045 | Q252: =O252-B$34 -> -0.17833346 | R252: =P252 -> 0.017702045 | S252: =J252+Q252*B$33 -> -2.1673772 | T252: =R252+K252*B$33 -> -0.19135488 | U252: =SQRT(S252*S252+T252*T252) -> 2.1758081 | W252: =$A252 -> 186 | X252: =ATAN2(S252,T252) -> -3.0535323 | Y252: =ATAN(P252/O252) -> -0.026090455 | AA252: =A252 -> 186 | AB252: =L252 -> 2 | AC252: =$U252 -> 2.1758081 | AD252: 186 | AE252: =AG252 -> 1.07 | AF252: =$U252/AB252 -> 1.087904 | AG252: =VLOOKUP(AD252,migkas!E$3:H$1002,3,1) -> 1.07 | AH252: =SQRT((AF252-AG252)*(AF252-AG252)) -> 0.017904042 | AI252: =(AG252-AF252)/AG252 -> -0.016732749 | AJ252: =AA252 -> 186 | AK252: =10^AF252 / AK$46 -> 6.1217282 | AL252: 186 | AM252: =AN252/B$27 -> 0.87153622 | AN252: =(1 - exp(-E252/C$61) * (1 + E252/C$61 + E252*E252/C$61/C$61/2)) *B$56 -> 43.576811 | AP252: =AJ252 -> 186 | AQ252: =AF72 -> 1.0630994
A253: 187 | B253: =RADIANS(A253) -> 3.2637657 | C253: =B$28+B$29*COS(B253) -> 8.0149077 | D253: =B$29*SIN(B253) -> -0.24373869 | E253: =(C253*C253+D253*D253)^0.5 -> 8.018613 | F253: =B$25*E253 -> 8.018613 | G253: =ATAN(D253/C253) -> -0.030401297 | H253: =F253*COS(G253) -> 8.0149077 | I253: =F253*SIN(G253) -> -0.24373869 | J253: =H253-B$32 -> -1.9850923 | K253: =I253 -> -0.24373869 | L253: =SQRT(J253*J253+K253*K253) -> 2 | N253: =-B$26*AN253/(E253*E253) -> -0.67804989 | O253: =N253*COS(G253) -> -0.67773658 | P253: =N253*SIN(G253) -> 0.020610421 | Q253: =O253-B$34 -> -0.17773658 | R253: =P253 -> 0.020610421 | S253: =J253+Q253*B$33 -> -2.1628289 | T253: =R253+K253*B$33 -> -0.22312827 | U253: =SQRT(S253*S253+T253*T253) -> 2.1743079 | W253: =$A253 -> 187 | X253: =ATAN2(S253,T253) -> -3.0387913 | Y253: =ATAN(P253/O253) -> -0.030401297 | AA253: =A253 -> 187 | AB253: =L253 -> 2 | AC253: =$U253 -> 2.1743079 | AD253: 187 | AE253: =AG253 -> 1.056 | AF253: =$U253/AB253 -> 1.087154 | AG253: =VLOOKUP(AD253,migkas!E$3:H$1002,3,1) -> 1.056 | AH253: =SQRT((AF253-AG253)*(AF253-AG253)) -> 0.031153967 | AI253: =(AG253-AF253)/AG253 -> -0.029501862 | AJ253: =AA253 -> 187 | AK253: =10^AF253 / AK$46 -> 6.1111645 | AL253: 187 | AM253: =AN253/B$27 -> 0.87194713 | AN253: =(1 - exp(-E253/C$61) * (1 + E253/C$61 + E253*E253/C$61/C$61/2)) *B$56 -> 43.597356 | AP253: =AJ253 -> 187 | AQ253: =AF73 -> 1.0627905
A254: 188 | B254: =RADIANS(A254) -> 3.281219 | C254: =B$28+B$29*COS(B254) -> 8.0194639 | D254: =B$29*SIN(B254) -> -0.2783462 | E254: =(C254*C254+D254*D254)^0.5 -> 8.0242929 | F254: =B$25*E254 -> 8.0242929 | G254: =ATAN(D254/C254) -> -0.034694901 | H254: =F254*COS(G254) -> 8.0194639 | I254: =F254*SIN(G254) -> -0.2783462 | J254: =H254-B$32 -> -1.9805361 | K254: =I254 -> -0.2783462 | L254: =SQRT(J254*J254+K254*K254) -> 2 | N254: =-B$26*AN254/(E254*E254) -> -0.6774575 | O254: =N254*COS(G254) -> -0.6770498 | P254: =N254*SIN(G254) -> 0.023499606 | Q254: =O254-B$34 -> -0.1770498 | R254: =P254 -> 0.023499606 | S254: =J254+Q254*B$33 -> -2.1575859 | T254: =R254+K254*B$33 -> -0.2548466 | U254: =SQRT(S254*S254+T254*T254) -> 2.1725846 | W254: =$A254 -> 188 | X254: =ATAN2(S254,T254) -> -3.0240209 | Y254: =ATAN(P254/O254) -> -0.034694901 | AA254: =A254 -> 188 | AB254: =L254 -> 2 | AC254: =$U254 -> 2.1725846 | AD254: 188 | AE254: =AG254 -> 1.068 | AF254: =$U254/AB254 -> 1.0862923 | AG254: =VLOOKUP(AD254,migkas!E$3:H$1002,3,1) -> 1.068 | AH254: =SQRT((AF254-AG254)*(AF254-AG254)) -> 0.0182923 | AI254: =(AG254-AF254)/AG254 -> -0.017127622 | AJ254: =AA254 -> 188 | AK254: =10^AF254 / AK$46 -> 6.0990516 | AL254: 188 | AM254: =AN254/B$27 -> 0.87241997 | AN254: =(1 - exp(-E254/C$61) * (1 + E254/C$61 + E254*E254/C$61/C$61/2)) *B$56 -> 43.620998 | AP254: =AJ254 -> 188 | AQ254: =AF74 -> 1.0624346
A255: 189 | B255: =RADIANS(A255) -> 3.2986723 | C255: =B$28+B$29*COS(B255) -> 8.0246233 | D255: =B$29*SIN(B255) -> -0.31286893 | E255: =(C255*C255+D255*D255)^0.5 -> 8.0307202 | F255: =B$25*E255 -> 8.0307202 | G255: =ATAN(D255/C255) -> -0.038968875 | H255: =F255*COS(G255) -> 8.0246233 | I255: =F255*SIN(G255) -> -0.31286893 | J255: =H255-B$32 -> -1.9753767 | K255: =I255 -> -0.31286893 | L255: =SQRT(J255*J255+K255*K255) -> 2 | N255: =-B$26*AN255/(E255*E255) -> -0.67678774 | O255: =N255*COS(G255) -> -0.67627392 | P255: =N255*SIN(G255) -> 0.026366982 | Q255: =O255-B$34 -> -0.17627392 | R255: =P255 -> 0.026366982 | S255: =J255+Q255*B$33 -> -2.1516506 | T255: =R255+K255*B$33 -> -0.28650195 | U255: =SQRT(S255*S255+T255*T255) -> 2.1706413 | W255: =$A255 -> 189 | X255: =ATAN2(S255,T255) -> -3.0092168 | Y255: =ATAN(P255/O255) -> -0.038968875 | AA255: =A255 -> 189 | AB255: =L255 -> 2 | AC255: =$U255 -> 2.1706413 | AD255: 189 | AE255: =AG255 -> 1.062 | AF255: =$U255/AB255 -> 1.0853207 | AG255: =VLOOKUP(AD255,migkas!E$3:H$1002,3,1) -> 1.062 | AH255: =SQRT((AF255-AG255)*(AF255-AG255)) -> 0.023320655 | AI255: =(AG255-AF255)/AG255 -> -0.021959185 | AJ255: =AA255 -> 189 | AK255: =10^AF255 / AK$46 -> 6.0854214 | AL255: 189 | AM255: =AN255/B$27 -> 0.87295421 | AN255: =(1 - exp(-E255/C$61) * (1 + E255/C$61 + E255*E255/C$61/C$61/2)) *B$56 -> 43.64771 | AP255: =AJ255 -> 189 | AQ255: =AF75 -> 1.0620319
A256: 190 | B256: =RADIANS(A256) -> 3.3161256 | C256: =B$28+B$29*COS(B256) -> 8.0303845 | D256: =B$29*SIN(B256) -> -0.34729636 | E256: =(C256*C256+D256*D256)^0.5 -> 8.0378909 | F256: =B$25*E256 -> 8.0378909 | G256: =ATAN(D256/C256) -> -0.043220854 | H256: =F256*COS(G256) -> 8.0303845 | I256: =F256*SIN(G256) -> -0.34729636 | J256: =H256-B$32 -> -1.9696155 | K256: =I256 -> -0.34729636 | L256: =SQRT(J256*J256+K256*K256) -> 2 | N256: =-B$26*AN256/(E256*E256) -> -0.67604122 | O256: =N256*COS(G256) -> -0.67540988 | P256: =N256*SIN(G256) -> 0.029209982 | Q256: =O256-B$34 -> -0.17540988 | R256: =P256 -> 0.029209982 | S256: =J256+Q256*B$33 -> -2.1450254 | T256: =R256+K256*B$33 -> -0.31808637 | U256: =SQRT(S256*S256+T256*T256) -> 2.1684817 | W256: =$A256 -> 190 | X256: =ATAN2(S256,T256) -> -2.9943752 | Y256: =ATAN(P256/O256) -> -0.043220854 | AA256: =A256 -> 190 | AB256: =L256 -> 2 | AC256: =$U256 -> 2.1684817 | AD256: 190 | AE256: =AG256 -> 1.068 | AF256: =$U256/AB256 -> 1.0842408 | AG256: =VLOOKUP(AD256,migkas!F$3:H$1002,2,1) -> 1.068 | AH256: =SQRT((AF256-AG256)*(AF256-AG256)) -> 0.016240845 | AI256: =(AG256-AF256)/AG256 -> -0.015206784 | AJ256: =AA256 -> 190 | AK256: =10^AF256 / AK$46 -> 6.0703097 | AL256: 190 | AM256: =AN256/B$27 -> 0.87354923 | AN256: =(1 - exp(-E256/C$61) * (1 + E256/C$61 + E256*E256/C$61/C$61/2)) *B$56 -> 43.677461 | AP256: =AJ256 -> 190 | AQ256: =AF76 -> 1.0615826
A257: 191 | B257: =RADIANS(A257) -> 3.3335789 | C257: =B$28+B$29*COS(B257) -> 8.0367456 | D257: =B$29*SIN(B257) -> -0.38161799 | E257: =(C257*C257+D257*D257)^0.5 -> 8.0458009 | F257: =B$25*E257 -> 8.0458009 | G257: =ATAN(D257/C257) -> -0.047448504 | H257: =F257*COS(G257) -> 8.0367456 | I257: =F257*SIN(G257) -> -0.38161799 | J257: =H257-B$32 -> -1.9632544 | K257: =I257 -> -0.38161799 | L257: =SQRT(J257*J257+K257*K257) -> 2 | N257: =-B$26*AN257/(E257*E257) -> -0.67521861 | O257: =N257*COS(G257) -> -0.67445867 | P257: =N257*SIN(G257) -> 0.032026093 | Q257: =O257-B$34 -> -0.17445867 | R257: =P257 -> 0.032026093 | S257: =J257+Q257*B$33 -> -2.137713 | T257: =R257+K257*B$33 -> -0.3495919 | U257: =SQRT(S257*S257+T257*T257) -> 2.1661098 | W257: =$A257 -> 191 | X257: =ATAN2(S257,T257) -> -2.9794921 | Y257: =ATAN(P257/O257) -> -0.047448504 | AA257: =A257 -> 191 | AB257: =L257 -> 2 | AC257: =$U257 -> 2.1661098 | AD257: 191 | AE257: =AG257 -> 1.076 | AF257: =$U257/AB257 -> 1.0830549 | AG257: =VLOOKUP(AD257,migkas!F$3:H$1002,2,1) -> 1.076 | AH257: =SQRT((AF257-AG257)*(AF257-AG257)) -> 0.0070548836 | AI257: =(AG257-AF257)/AG257 -> -0.0065565833 | AJ257: =AA257 -> 191 | AK257: =10^AF257 / AK$46 -> 6.0537557 | AL257: 191 | AM257: =AN257/B$27 -> 0.87420435 | AN257: =(1 - exp(-E257/C$61) * (1 + E257/C$61 + E257*E257/C$61/C$61/2)) *B$56 -> 43.710218 | AP257: =AJ257 -> 191 | AQ257: =AF77 -> 1.061087
A258: 192 | B258: =RADIANS(A258) -> 3.3510322 | C258: =B$28+B$29*COS(B258) -> 8.0437048 | D258: =B$29*SIN(B258) -> -0.41582338 | E258: =(C258*C258+D258*D258)^0.5 -> 8.0544457 | F258: =B$25*E258 -> 8.0544457 | G258: =ATAN(D258/C258) -> -0.051649528 | H258: =F258*COS(G258) -> 8.0437048 | I258: =F258*SIN(G258) -> -0.41582338 | J258: =H258-B$32 -> -1.9562952 | K258: =I258 -> -0.41582338 | L258: =SQRT(J258*J258+K258*K258) -> 2 | N258: =-B$26*AN258/(E258*E258) -> -0.67432064 | O258: =N258*COS(G258) -> -0.67342141 | P258: =N258*SIN(G258) -> 0.03481286 | Q258: =O258-B$34 -> -0.17342141 | R258: =P258 -> 0.03481286 | S258: =J258+Q258*B$33 -> -2.1297166 | T258: =R258+K258*B$33 -> -0.38101052 | U258: =SQRT(S258*S258+T258*T258) -> 2.16353 | W258: =$A258 -> 192 | X258: =ATAN2(S258,T258) -> -2.9645635 | Y258: =ATAN(P258/O258) -> -0.051649528 | AA258: =A258 -> 192 | AB258: =L258 -> 2 | AC258: =$U258 -> 2.16353 | AD258: 192 | AE258: =AG258 -> 1.076 | AF258: =$U258/AB258 -> 1.081765 | AG258: =VLOOKUP(AD258,migkas!F$3:H$1002,2,1) -> 1.076 | AH258: =SQRT((AF258-AG258)*(AF258-AG258)) -> 0.0057649772 | AI258: =(AG258-AF258)/AG258 -> -0.0053577855 | AJ258: =AA258 -> 192 | AK258: =10^AF258 / AK$46 -> 6.035802 | AL258: 192 | AM258: =AN258/B$27 -> 0.87491884 | AN258: =(1 - exp(-E258/C$61) * (1 + E258/C$61 + E258*E258/C$61/C$61/2)) *B$56 -> 43.745942 | AP258: =AJ258 -> 192 | AQ258: =AF78 -> 1.0605454
A259: 193 | B259: =RADIANS(A259) -> 3.3684855 | C259: =B$28+B$29*COS(B259) -> 8.0512599 | D259: =B$29*SIN(B259) -> -0.44990211 | E259: =(C259*C259+D259*D259)^0.5 -> 8.0638203 | F259: =B$25*E259 -> 8.0638203 | G259: =ATAN(D259/C259) -> -0.055821662 | H259: =F259*COS(G259) -> 8.0512599 | I259: =F259*SIN(G259) -> -0.44990211 | J259: =H259-B$32 -> -1.9487401 | K259: =I259 -> -0.44990211 | L259: =SQRT(J259*J259+K259*K259) -> 2 | N259: =-B$26*AN259/(E259*E259) -> -0.67334812 | O259: =N259*COS(G259) -> -0.6722993 | P259: =N259*SIN(G259) -> 0.037567893 | Q259: =O259-B$34 -> -0.1722993 | R259: =P259 -> 0.037567893 | S259: =J259+Q259*B$33 -> -2.1210394 | T259: =R259+K259*B$33 -> -0.41233422 | U259: =SQRT(S259*S259+T259*T259) -> 2.160747 | W259: =$A259 -> 193 | X259: =ATAN2(S259,T259) -> -2.9495856 | Y259: =ATAN(P259/O259) -> -0.055821662 | AA259: =A259 -> 193 | AB259: =L259 -> 2 | AC259: =$U259 -> 2.160747 | AD259: 193 | AE259: =AG259 -> 1.046 | AF259: =$U259/AB259 -> 1.0803735 | AG259: =VLOOKUP(AD259,migkas!F$3:H$1002,2,1) -> 1.046 | AH259: =SQRT((AF259-AG259)*(AF259-AG259)) -> 0.03437352 | AI259: =(AG259-AF259)/AG259 -> -0.032861874 | AJ259: =AA259 -> 193 | AK259: =10^AF259 / AK$46 -> 6.0164945 | AL259: 193 | AM259: =AN259/B$27 -> 0.87569189 | AN259: =(1 - exp(-E259/C$61) * (1 + E259/C$61 + E259*E259/C$61/C$61/2)) *B$56 -> 43.784595 | AP259: =AJ259 -> 193 | AQ259: =AF79 -> 1.0599581
A260: 194 | B260: =RADIANS(A260) -> 3.3859387 | C260: =B$28+B$29*COS(B260) -> 8.0594085 | D260: =B$29*SIN(B260) -> -0.48384379 | E260: =(C260*C260+D260*D260)^0.5 -> 8.0739192 | F260: =B$25*E260 -> 8.0739192 | G260: =ATAN(D260/C260) -> -0.059962683 | H260: =F260*COS(G260) -> 8.0594085 | I260: =F260*SIN(G260) -> -0.48384379 | J260: =H260-B$32 -> -1.9405915 | K260: =I260 -> -0.48384379 | L260: =SQRT(J260*J260+K260*K260) -> 2 | N260: =-B$26*AN260/(E260*E260) -> -0.67230191 | O260: =N260*COS(G260) -> -0.67109363 | P260: =N260*SIN(G260) -> 0.040288873 | Q260: =O260-B$34 -> -0.17109363 | R260: =P260 -> 0.040288873 | S260: =J260+Q260*B$33 -> -2.1116851 | T260: =R260+K260*B$33 -> -0.44355492 | U260: =SQRT(S260*S260+T260*T260) -> 2.1577662 | W260: =$A260 -> 194 | X260: =ATAN2(S260,T260) -> -2.9345546 | Y260: =ATAN(P260/O260) -> -0.059962683 | AA260: =A260 -> 194 | AB260: =L260 -> 2 | AC260: =$U260 -> 2.1577662 | AD260: 194 | AE260: =AG260 -> 1.074 | AF260: =$U260/AB260 -> 1.0788831 | AG260: =VLOOKUP(AD260,migkas!F$3:H$1002,2,1) -> 1.074 | AH260: =SQRT((AF260-AG260)*(AF260-AG260)) -> 0.0048830875 | AI260: =(AG260-AF260)/AG260 -> -0.0045466364 | AJ260: =AA260 -> 194 | AK260: =10^AF260 / AK$46 -> 5.9958822 | AL260: 194 | AM260: =AN260/B$27 -> 0.87652264 | AN260: =(1 - exp(-E260/C$61) * (1 + E260/C$61 + E260*E260/C$61/C$61/2)) *B$56 -> 43.826132 | AP260: =AJ260 -> 194 | AQ260: =AF80 -> 1.0593254
A261: 195 | B261: =RADIANS(A261) -> 3.403392 | C261: =B$28+B$29*COS(B261) -> 8.0681483 | D261: =B$29*SIN(B261) -> -0.51763809 | E261: =(C261*C261+D261*D261)^0.5 -> 8.0847367 | F261: =B$25*E261 -> 8.0847367 | G261: =ATAN(D261/C261) -> -0.064070412 | H261: =F261*COS(G261) -> 8.0681483 | I261: =F261*SIN(G261) -> -0.51763809 | J261: =H261-B$32 -> -1.9318517 | K261: =I261 -> -0.51763809 | L261: =SQRT(J261*J261+K261*K261) -> 2 | N261: =-B$26*AN261/(E261*E261) -> -0.67118292 | O261: =N261*COS(G261) -> -0.66980579 | P261: =N261*SIN(G261) -> 0.042973551 | Q261: =O261-B$34 -> -0.16980579 | R261: =P261 -> 0.042973551 | S261: =J261+Q261*B$33 -> -2.1016574 | T261: =R261+K261*B$33 -> -0.47466454 | U261: =SQRT(S261*S261+T261*T261) -> 2.1545929 | W261: =$A261 -> 195 | X261: =ATAN2(S261,T261) -> -2.919467 | Y261: =ATAN(P261/O261) -> -0.064070412 | AA261: =A261 -> 195 | AB261: =L261 -> 2 | AC261: =$U261 -> 2.1545929 | AD261: 195 | AE261: =AG261 -> 1.056 | AF261: =$U261/AB261 -> 1.0772964 | AG261: =VLOOKUP(AD261,migkas!F$3:H$1002,2,1) -> 1.056 | AH261: =SQRT((AF261-AG261)*(AF261-AG261)) -> 0.021296432 | AI261: =(AG261-AF261)/AG261 -> -0.020167076 | AJ261: =AA261 -> 195 | AK261: =10^AF261 / AK$46 -> 5.9740168 | AL261: 195 | AM261: =AN261/B$27 -> 0.87741014 | AN261: =(1 - exp(-E261/C$61) * (1 + E261/C$61 + E261*E261/C$61/C$61/2)) *B$56 -> 43.870507 | AP261: =AJ261 -> 195 | AQ261: =AF81 -> 1.0586478
A262: 196 | B262: =RADIANS(A262) -> 3.4208453 | C262: =B$28+B$29*COS(B262) -> 8.0774766 | D262: =B$29*SIN(B262) -> -0.55127471 | E262: =(C262*C262+D262*D262)^0.5 -> 8.0962666 | F262: =B$25*E262 -> 8.0962666 | G262: =ATAN(D262/C262) -> -0.068142714 | H262: =F262*COS(G262) -> 8.0774766 | I262: =F262*SIN(G262) -> -0.55127471 | J262: =H262-B$32 -> -1.9225234 | K262: =I262 -> -0.55127471 | L262: =SQRT(J262*J262+K262*K262) -> 2 | N262: =-B$26*AN262/(E262*E262) -> -0.66999215 | O262: =N262*COS(G262) -> -0.66843722 | P262: =N262*SIN(G262) -> 0.045619759 | Q262: =O262-B$34 -> -0.16843722 | R262: =P262 -> 0.045619759 | S262: =J262+Q262*B$33 -> -2.0909606 | T262: =R262+K262*B$33 -> -0.50565495 | U262: =SQRT(S262*S262+T262*T262) -> 2.1512329 | W262: =$A262 -> 196 | X262: =ATAN2(S262,T262) -> -2.904319 | Y262: =ATAN(P262/O262) -> -0.068142714 | AA262: =A262 -> 196 | AB262: =L262 -> 2 | AC262: =$U262 -> 2.1512329 | AD262: 196 | AE262: =AG262 -> 1.07 | AF262: =$U262/AB262 -> 1.0756165 | AG262: =VLOOKUP(AD262,migkas!F$3:H$1002,2,1) -> 1.07 | AH262: =SQRT((AF262-AG262)*(AF262-AG262)) -> 0.0056164744 | AI262: =(AG262-AF262)/AG262 -> -0.0052490415 | AJ262: =AA262 -> 196 | AK262: =10^AF262 / AK$46 -> 5.9509524 | AL262: 196 | AM262: =AN262/B$27 -> 0.87835343 | AN262: =(1 - exp(-E262/C$61) * (1 + E262/C$61 + E262*E262/C$61/C$61/2)) *B$56 -> 43.917672 | AP262: =AJ262 -> 196 | AQ262: =AF82 -> 1.0579256
A263: 197 | B263: =RADIANS(A263) -> 3.4382986 | C263: =B$28+B$29*COS(B263) -> 8.0873905 | D263: =B$29*SIN(B263) -> -0.58474341 | E263: =(C263*C263+D263*D263)^0.5 -> 8.1085023 | F263: =B$25*E263 -> 8.1085023 | G263: =ATAN(D263/C263) -> -0.072177501 | H263: =F263*COS(G263) -> 8.0873905 | I263: =F263*SIN(G263) -> -0.58474341 | J263: =H263-B$32 -> -1.9126095 | K263: =I263 -> -0.58474341 | L263: =SQRT(J263*J263+K263*K263) -> 2 | N263: =-B$26*AN263/(E263*E263) -> -0.66873062 | O263: =N263*COS(G263) -> -0.66698947 | P263: =N263*SIN(G263) -> 0.048225407 | Q263: =O263-B$34 -> -0.16698947 | R263: =P263 -> 0.048225407 | S263: =J263+Q263*B$33 -> -2.079599 | T263: =R263+K263*B$33 -> -0.536518 | U263: =SQRT(S263*S263+T263*T263) -> 2.1476926 | W263: =$A263 -> 197 | X263: =ATAN2(S263,T263) -> -2.8891072 | Y263: =ATAN(P263/O263) -> -0.072177501 | AA263: =A263 -> 197 | AB263: =L263 -> 2 | AC263: =$U263 -> 2.1476926 | AD263: 197 | AE263: =AG263 -> 1.052 | AF263: =$U263/AB263 -> 1.0738463 | AG263: =VLOOKUP(AD263,migkas!F$3:H$1002,2,1) -> 1.052 | AH263: =SQRT((AF263-AG263)*(AF263-AG263)) -> 0.021846297 | AI263: =(AG263-AF263)/AG263 -> -0.020766442 | AJ263: =AA263 -> 197 | AK263: =10^AF263 / AK$46 -> 5.9267458 | AL263: 197 | AM263: =AN263/B$27 -> 0.87935147 | AN263: =(1 - exp(-E263/C$61) * (1 + E263/C$61 + E263*E263/C$61/C$61/2)) *B$56 -> 43.967573 | AP263: =AJ263 -> 197 | AQ263: =AF83 -> 1.0571593
A264: 198 | B264: =RADIANS(A264) -> 3.4557519 | C264: =B$28+B$29*COS(B264) -> 8.097887 | D264: =B$29*SIN(B264) -> -0.61803399 | E264: =(C264*C264+D264*D264)^0.5 -> 8.121437 | F264: =B$25*E264 -> 8.121437 | G264: =ATAN(D264/C264) -> -0.076172734 | H264: =F264*COS(G264) -> 8.097887 | I264: =F264*SIN(G264) -> -0.61803399 | J264: =H264-B$32 -> -1.902113 | K264: =I264 -> -0.61803399 | L264: =SQRT(J264*J264+K264*K264) -> 2 | N264: =-B$26*AN264/(E264*E264) -> -0.66739943 | O264: =N264*COS(G264) -> -0.66546415 | P264: =N264*SIN(G264) -> 0.050788491 | Q264: =O264-B$34 -> -0.16546415 | R264: =P264 -> 0.050788491 | S264: =J264+Q264*B$33 -> -2.0675772 | T264: =R264+K264*B$33 -> -0.5672455 | U264: =SQRT(S264*S264+T264*T264) -> 2.1439783 | W264: =$A264 -> 198 | X264: =ATAN2(S264,T264) -> -2.8738283 | Y264: =ATAN(P264/O264) -> -0.076172734 | AA264: =A264 -> 198 | AB264: =L264 -> 2 | AC264: =$U264 -> 2.1439783 | AD264: 198 | AE264: =AG264 -> 1.052 | AF264: =$U264/AB264 -> 1.0719891 | AG264: =VLOOKUP(AD264,migkas!F$3:H$1002,2,1) -> 1.052 | AH264: =SQRT((AF264-AG264)*(AF264-AG264)) -> 0.019989138 | AI264: =(AG264-AF264)/AG264 -> -0.019001082 | AJ264: =AA264 -> 198 | AK264: =10^AF264 / AK$46 -> 5.9014556 | AL264: 198 | AM264: =AN264/B$27 -> 0.88040316 | AN264: =(1 - exp(-E264/C$61) * (1 + E264/C$61 + E264*E264/C$61/C$61/2)) *B$56 -> 44.020158 | AP264: =AJ264 -> 198 | AQ264: =AF84 -> 1.0563493
A265: 199 | B265: =RADIANS(A265) -> 3.4732052 | C265: =B$28+B$29*COS(B265) -> 8.1089628 | D265: =B$29*SIN(B265) -> -0.65113631 | E265: =(C265*C265+D265*D265)^0.5 -> 8.1350634 | F265: =B$25*E265 -> 8.1350634 | G265: =ATAN(D265/C265) -> -0.080126428 | H265: =F265*COS(G265) -> 8.1089628 | I265: =F265*SIN(G265) -> -0.65113631 | J265: =H265-B$32 -> -1.8910372 | K265: =I265 -> -0.65113631 | L265: =SQRT(J265*J265+K265*K265) -> 2 | N265: =-B$26*AN265/(E265*E265) -> -0.66599974 | O265: =N265*COS(G265) -> -0.66386294 | P265: =N265*SIN(G265) -> 0.053307096 | Q265: =O265-B$34 -> -0.16386294 | R265: =P265 -> 0.053307096 | S265: =J265+Q265*B$33 -> -2.0549001 | T265: =R265+K265*B$33 -> -0.59782921 | U265: =SQRT(S265*S265+T265*T265) -> 2.1400968 | W265: =$A265 -> 199 | X265: =ATAN2(S265,T265) -> -2.8584789 | Y265: =ATAN(P265/O265) -> -0.080126428 | AA265: =A265 -> 199 | AB265: =L265 -> 2 | AC265: =$U265 -> 2.1400968 | AD265: 199 | AE265: =AG265 -> 1.086 | AF265: =$U265/AB265 -> 1.0700484 | AG265: =VLOOKUP(AD265,migkas!F$3:H$1002,2,1) -> 1.086 | AH265: =SQRT((AF265-AG265)*(AF265-AG265)) -> 0.015951618 | AI265: =(AG265-AF265)/AG265 -> 0.014688415 | AJ265: =AA265 -> 199 | AK265: =10^AF265 / AK$46 -> 5.8751422 | AL265: 199 | AM265: =AN265/B$27 -> 0.88150736 | AN265: =(1 - exp(-E265/C$61) * (1 + E265/C$61 + E265*E265/C$61/C$61/2)) *B$56 -> 44.075368 | AP265: =AJ265 -> 199 | AQ265: =AF85 -> 1.0554962
A266: 200 | B266: =RADIANS(A266) -> 3.4906585 | C266: =B$28+B$29*COS(B266) -> 8.1206148 | D266: =B$29*SIN(B266) -> -0.68404029 | E266: =(C266*C266+D266*D266)^0.5 -> 8.1493739 | F266: =B$25*E266 -> 8.1493739 | G266: =ATAN(D266/C266) -> -0.08403665 | H266: =F266*COS(G266) -> 8.1206148 | I266: =F266*SIN(G266) -> -0.68404029 | J266: =H266-B$32 -> -1.8793852 | K266: =I266 -> -0.68404029 | L266: =SQRT(J266*J266+K266*K266) -> 2 | N266: =-B$26*AN266/(E266*E266) -> -0.66453273 | O266: =N266*COS(G266) -> -0.6621876 | P266: =N266*SIN(G266) -> 0.055779397 | Q266: =O266-B$34 -> -0.1621876 | R266: =P266 -> 0.055779397 | S266: =J266+Q266*B$33 -> -2.0415728 | T266: =R266+K266*B$33 -> -0.62826089 | U266: =SQRT(S266*S266+T266*T266) -> 2.1360551 | W266: =$A266 -> 200 | X266: =ATAN2(S266,T266) -> -2.8430559 | Y266: =ATAN(P266/O266) -> -0.08403665 | AA266: =A266 -> 200 | AB266: =L266 -> 2 | AC266: =$U266 -> 2.1360551 | AD266: 200 | AE266: =AG266 -> 1.104 | AF266: =$U266/AB266 -> 1.0680276 | AG266: =VLOOKUP(AD266,migkas!F$3:H$1002,2,1) -> 1.104 | AH266: =SQRT((AF266-AG266)*(AF266-AG266)) -> 0.035972449 | AI266: =(AG266-AF266)/AG266 -> 0.03258374 | AJ266: =AA266 -> 200 | AK266: =10^AF266 / AK$46 -> 5.8478679 | AL266: 200 | AM266: =AN266/B$27 -> 0.88266288 | AN266: =(1 - exp(-E266/C$61) * (1 + E266/C$61 + E266*E266/C$61/C$61/2)) *B$56 -> 44.133144 | AP266: =AJ266 -> 200 | AQ266: =AF86 -> 1.0546005
A267: 201 | B267: =RADIANS(A267) -> 3.5081118 | C267: =B$28+B$29*COS(B267) -> 8.1328391 | D267: =B$29*SIN(B267) -> -0.7167359 | E267: =(C267*C267+D267*D267)^0.5 -> 8.1643605 | F267: =B$25*E267 -> 8.1643605 | G267: =ATAN(D267/C267) -> -0.087901524 | H267: =F267*COS(G267) -> 8.1328391 | I267: =F267*SIN(G267) -> -0.7167359 | J267: =H267-B$32 -> -1.8671609 | K267: =I267 -> -0.7167359 | L267: =SQRT(J267*J267+K267*K267) -> 2 | N267: =-B$26*AN267/(E267*E267) -> -0.66299966 | O267: =N267*COS(G267) -> -0.66043992 | P267: =N267*SIN(G267) -> 0.05820366 | Q267: =O267-B$34 -> -0.16043992 | R267: =P267 -> 0.05820366 | S267: =J267+Q267*B$33 -> -2.0276008 | T267: =R267+K267*B$33 -> -0.65853224 | U267: =SQRT(S267*S267+T267*T267) -> 2.1318606 | W267: =$A267 -> 201 | X267: =ATAN2(S267,T267) -> -2.8275562 | Y267: =ATAN(P267/O267) -> -0.087901524 | AA267: =A267 -> 201 | AB267: =L267 -> 2 | AC267: =$U267 -> 2.1318606 | AD267: 201 | AE267: =AG267 -> 1.096 | AF267: =$U267/AB267 -> 1.0659303 | AG267: =VLOOKUP(AD267,migkas!F$3:H$1002,2,1) -> 1.096 | AH267: =SQRT((AF267-AG267)*(AF267-AG267)) -> 0.030069701 | AI267: =(AG267-AF267)/AG267 -> 0.027435858 | AJ267: =AA267 -> 201 | AK267: =10^AF267 / AK$46 -> 5.8196961 | AL267: 201 | AM267: =AN267/B$27 -> 0.8838685 | AN267: =(1 - exp(-E267/C$61) * (1 + E267/C$61 + E267*E267/C$61/C$61/2)) *B$56 -> 44.193425 | AP267: =AJ267 -> 201 | AQ267: =AF87 -> 1.0536626
... A426: 360 | B426: =RADIANS(A426) -> 6.2831853 | C426: =B$28+B$29*COS(B426) -> 12 | D426: =B$29*SIN(B426) -> 0 | E426: =(C426*C426+D426*D426)^0.5 -> 12 | F426: =B$25*E426 -> 12 | G426: =ATAN(D426/C426) -> 0 | H426: =F426*COS(G426) -> 12 | I426: =F426*SIN(G426) -> 0 | J426: =H426-B$32 -> 2 | K426: =I426 -> 0 | L426: =SQRT(J426*J426+K426*K426) -> 2 | N426: =-B$26*AN426/(E426*E426) -> -0.37208663 | O426: =N426*COS(G426) -> -0.37208663 | P426: =N426*SIN(G426) -> 0 | Q426: =O426-B$34 -> 0.12791337 | R426: =P426 -> 0 | S426: =J426+Q426*B$33 -> 2.1279134 | T426: =R426+K426*B$33 -> 0 | U426: =SQRT(S426*S426+T426*T426) -> 2.1279134 | W426: =$A426 -> 360 | X426: =ATAN2(S426,T426) -> 0 | Y426: =ATAN(P426/O426) -> 0 | AA426: =A426 -> 360 | AB426: =L426 -> 2 | AC426: =$U426 -> 2.1279134 | AD426: 360 | AE426: =AG426 -> 1.088 | AF426: =$U426/AB426 -> 1.0639567 | AG426: =VLOOKUP(AD426,migkas!F$3:H$1002,2,1) -> 1.088 | AH426: =SQRT((AF426-AG426)*(AF426-AG426)) -> 0.024043313 | AI426: =(AG426-AF426)/AG426 -> 0.022098633 | AJ426: =AA426 -> 360 | AK426: =10^AF426 / AK$46 -> 5.793309 | AL426: 360 | AM426: =AN426/B$27 -> 1.0716095 | AN426: =(1 - exp(-E426/C$61) * (1 + E426/C$61 + E426*E426/C$61/C$61/2)) *B$56 -> 53.580474 | AP426: =AJ426 -> 360 | AQ426: =AF246 -> 1.0899972

Sheet density error fx
C3: angular error calculated
B12: 0.5
B14: 2
B15: 1
B16: 10
B17: 2
B18: 0.5
A21: m(R)/M = 1 - exp(-X)*(1+X+{X^{2}/2}) | E21: =AH61 -> 0.039269198
A22: x=R/L
A23: L | B23: 0.5
A25: k | B25: 1 | C25: Taylor Sedov
A26: G | B26: 1.8 | C26: gravity
A27: M | B27: 50 | C27: mass
A28: D | B28: 12 | C28: Earth to coe
A29: R | B29: 4 | C29: Earth to P
A32: Vo | B32: =B25*B28 -> 12 | C32: observer velocity, all x
A33: dt | B33: 1 | E33: =AP61 -> 0.053434554
A34: Ax observer | B34: =-B26*B27/(B28*B28) -> -0.625 | C34: observer acceleration, all x
A36: v* | B36: =B29*B25 -> 4
A37: normalized v* | B37: 1
A39: min | B39: =MIN(AF66:AF1112) -> 0.9469509
A40: avg | B40: =AVERAGE(AF66:AF1001) -> 1.0190552 | C40: =B40-1 -> 0.019055181
A41: max | B41: =max(AF65:AF1112) -> 1.1292995 | C41: =B41/B39-1 -> 0.19256391
A43: > v* | B43: =COUNTIF(AF:AF,">"&B37) -> 212 | C43: =B43/B45 -> 0.57923497
A44: < v* | B44: =COUNTIF(AF:AF,"<"&B37) -> 154 | C44: =B44/B45 -> 0.42076503
A45: total | B45: =B43+B44 -> 366 | C45: 360° = 0°
AK46: 2
A48: 0° | B48: =AF66 -> 1.0638418 | C48: =B50/B48-1 -> 0.061529517
A49: ~90° | B49: =MIN(AF66:AF931) -> 0.9469509 | C49: =B50/B49-1 -> 0.19256391 | AF49: {=LINEST(AG68:AG426,AF68:AF426,1,1)} -> 0.91942337 | AG49: 0.091943583 | AM49: {=LINEST(AN68:AN426,AM68:AM426,1,1)} -> 0.87030131 | AN49: 0.12242306
A50: 180° | B50: =AF246 -> 1.1292995 | AF50: 0.049678428 | AG50: 0.050681587 | AM50: 0.059071937 | AN50: 0.058037507
AF51: 0.48965549 | AG51: 0.050062663 | AM51: 0.37811219 | AN51: 0.064020144
A52: angle of minimum | B52: =VLOOKUP(B49,AF66:AJ1112,3,0) -> 0.053049098 | C52: =180-(B52-180) -> 359.94695 | AF52: 342.52746 | AG52: 357 | AM52: 217.05853 | AN52: 357
C53: =abs(C52-B52) -> 359.8939 | AF53: 0.85846638 | AG53: 0.89473847 | AM53: 0.88963149 | AN53: 1.4631927
A54: avg density to o | B54: =B27/((B28)^B53 * PI() * 4/3) -> 11.936621
A55: fraction up to o | B55: =(1-exp(-B28/C61)*(1+ B28/C61 + B28*B28/C61/C61/2)) -> 0.9380312 | AM55: 0.1 | AV55: =MAX(E66:E931) -> 16
A56: total mass | B56: =B27/B55 -> 53.303131
A57: check | B57: =B56*B55 -> 50 | BA57: -0.09 | BE57: =-BA57 -> 0.09
BA58: =BB58 -> 0.017453293 | BB58: =2*pi()/360 -> 0.017453293 | BE58: =BA58 -> 0.017453293
B59: m(R)/M = 1 - exp(-X)*(1+X+{X^{2}/2}) | BA59: 0.25 | BE59: =BA59 -> 0.25
B60: x=R/L
B61: L | C61: 2 | AH61: =AH63/AG63 -> 0.039269198 | AP61: =AP63/AN63 -> 0.053434554
B62: m min at p | C62: =Min(AO:AO) -> 40.61148
B63: m max at p | C63: =MAX(AO:AO) -> 52.570002 | AG63: =SUM(AG66:AG426) -> 369.288 | AH63: =SUM(AH66:AH426) -> 14.501644 | AM63: =SUM(AM66:AM426) -> 352.11517 | AN63: =SUM(AN68:AN931) -> 350.39618 | AP63: =SUM(AP66:AP426) -> 18.723263 | AZ63: =SUM(AZ68:AZ426) -> -3.5382516 | BA63: =SUM(BA68:BA426) -> 0.023784852 | BE63: =SUM(BE68:BE426) -> -0.023784852
A65: degrees | B65: radians | C65: px | D65: py | E65: D | F65: V=kD | G65: theta | H65: Vx | I65: Vy | J65: dVx | K65: dVy | L65: recession v* | N65: A | O65: Ax | P65: Ay | Q65: dAx | R65: dAy | S65: dVx* | T65: dVy* | U65: recession v | W65: =$A65 -> degrees | X65: angle v | Y65: angle a | AA65: =$A65 -> degrees | AB65: recession v* | AD65: degrees | AF65: =U65 -> recession v | AG65: migkas | AJ65: =AA65 -> degrees | AK65: =AF65 -> recession v | AL65: degrees | AM65: migkas | AN65: mass up to p x | AO65: mass up to P | AR65: degrees | AS65: recession v
A66: 0 | B66: =RADIANS(A66) -> 0 | C66: =B$28+B$29*COS(B66) -> 16 | D66: =B$29*SIN(B66) -> 0 | E66: =(C66*C66+D66*D66)^0.5 -> 16 | F66: =B$25*E66 -> 16 | G66: =ATAN(D66/C66)+RADIANS(B58) -> 0 | H66: =F66*COS(G66) -> 16 | I66: =F66*SIN(G66) -> 0 | J66: =H66-B$32 -> 4 | K66: =I66 -> 0 | L66: =SQRT(J66*J66+K66*K66) -> 4 | N66: =-B$26*AO66/(E66*E66) -> -0.36963282 | O66: =N66*COS($G66) -> -0.36963282 | P66: =N66*SIN($G66) -> 0 | Q66: =O66-B$34 -> 0.25536718 | R66: =P66 -> 0 | S66: =J66+Q66*B$33 -> 4.2553672 | T66: =R66+K66*B$33 -> 0 | U66: =SQRT(S66*S66+T66*T66) -> 4.2553672 | W66: =$A66 -> 0 | X66: =ATAN2(S66,T66) -> 0 | Y66: =ATAN(P66/O66) -> 0 | AA66: =A66 -> 0 | AB66: =L66 -> 4 | AC66: =$U66 -> 4.2553672 | AD66: 0 | AE66: =AG66 | AF66: =$U66/AB66 -> 1.0638418 | AJ66: =AA66 -> 0 | AK66: =10^AF66 / AK$46 -> 5.7917765 | AL66: 0 | AN66: =AO66/B$27 -> 1.0514 | AO66: =(1 - exp(-E66/C$61) * (1 + E66/C$61 + E66*E66/C$61/C$61/2)) *B$56 -> 52.570002 | AR66: =AJ66 -> 0 | AS66: =AF246 -> 1.1292995 | AV66: 0 | AW66: =4/3 * PI() * AV66^B$53 -> 4.1887902
A67: 1 | B67: =RADIANS(A67) -> 0.017453293 | C67: =B$28+B$29*COS(B67) -> 15.999391 | D67: =B$29*SIN(B67) -> 0.069809626 | E67: =(C67*C67+D67*D67)^0.5 -> 15.999543 | F67: =B$25*E67 -> 15.999543 | G67: =ATAN(D67/C67) -> 0.0043632401 | H67: =F67*COS(G67) -> 15.999391 | I67: =F67*SIN(G67) -> 0.069809626 | J67: =H67-B$32 -> 3.9993908 | K67: =I67 -> 0.069809626 | L67: =SQRT(J67*J67+K67*K67) -> 4 | N67: =-B$26*AO67/(E67*E67) -> -0.36965302 | O67: =N67*COS(G67) -> -0.3696495 | P67: =N67*SIN(G67) -> -0.0016128797 | Q67: =O67-B$34 -> 0.2553505 | R67: =P67 -> -0.0016128797 | S67: =J67+Q67*B$33 -> 4.2547413 | T67: =R67+K67*B$33 -> 0.068196746 | U67: =SQRT(S67*S67+T67*T67) -> 4.2552878 | W67: =$A67 -> 1 | X67: =ATAN2(S67,T67) -> 0.01602704 | Y67: =ATAN(P67/O67) -> 0.0043632401 | AA67: =A67 -> 1 | AB67: =L67 -> 4 | AC67: =$U67 -> 4.2552878 | AD67: 1 | AE67: =AG67 | AF67: =$U67/AB67 -> 1.0638219 | AJ67: =AA67 -> 1 | AK67: =10^AF67 / AK$46 -> 5.7915119 | AL67: 1 | AN67: =AO67/B$27 -> 1.0513974 | AO67: =(1 - exp(-E67/C$61) * (1 + E67/C$61 + E67*E67/C$61/C$61/2)) *B$56 -> 52.569871 | AR67: =AJ67 -> 1 | AS67: =AF247 -> 1.1291953 | AV67: =AV66+AV$55/10 -> 1.6 | AW67: =4/3 * PI() * AV67^B$53 *B$54 -> 50 | AY67: 0 | BA67: =BA$57*SIN(BA$58*AR67+BA$59) -> -0.023784852 | BC67: 0 | BE67: =BE$57*SIN(BE$58*AR67+BE$59) -> 0.023784852
A68: 2 | B68: =RADIANS(A68) -> 0.034906585 | C68: =B$28+B$29*COS(B68) -> 15.997563 | D68: =B$29*SIN(B68) -> 0.13959799 | E68: =(C68*C68+D68*D68)^0.5 -> 15.998172 | F68: =B$25*E68 -> 15.998172 | G68: =ATAN(D68/C68) -> 0.0087259816 | H68: =F68*COS(G68) -> 15.997563 | I68: =F68*SIN(G68) -> 0.13959799 | J68: =H68-B$32 -> 3.9975633 | K68: =I68 -> 0.13959799 | L68: =SQRT(J68*J68+K68*K68) -> 4 | N68: =-B$26*AO68/(E68*E68) -> -0.3697136 | O68: =N68*COS(G68) -> -0.36969953 | P68: =N68*SIN(G68) -> -0.0032260732 | Q68: =O68-B$34 -> 0.25530047 | R68: =P68 -> -0.0032260732 | S68: =J68+Q68*B$33 -> 4.2528638 | T68: =R68+K68*B$33 -> 0.13637191 | U68: =SQRT(S68*S68+T68*T68) -> 4.2550497 | W68: =$A68 -> 2 | X68: =ATAN2(S68,T68) -> 0.032054919 | Y68: =ATAN(P68/O68) -> 0.0087259816 | AA68: =A68 -> 2 | AB68: =L68 -> 4 | AC68: =$U68 -> 4.2550497 | AD68: 2 | AE68: =AG68 -> 1.102 | AF68: =$U68/AB68 -> 1.0637624 | AG68: =VLOOKUP(AD78,migkas!E$3:H$1002,3,1) -> 1.102 | AH68: =SQRT((AF68-AG68)*(AF68-AG68)) -> 0.038237585 | AI68: =-(AG68-AF68)/AF68 -> -0.035945606 | AJ68: =AA68 -> 2 | AK68: =10^AF68 / AK$46 -> 5.7907181 | AL68: 2 | AM68: =VLOOKUP(AL78,migkas!E$3:H$1002,4,1)-AM$55 -> 1.0075862 | AN68: =AO68/B$27 -> 1.0513896 | AO68: =(1 - exp(-E68/C$61) * (1 + E68/C$61 + E68*E68/C$61/C$61/2)) *B$56 -> 52.569479 | AP68: =SQRT((AM68-AN68)*(AM68-AN68)) -> 0.043803367 | AQ68: =(AN68-AM68)/AN68 -> 0.041662356 | AR68: =AJ68 -> 2 | AS68: =AF248 -> 1.128883 | AV68: =AV67+AV$55/10 -> 3.2 | AW68: =4/3 * PI() * AV68^B$53 *B$54 -> 50 | AY68: =AR68 -> 2 | AZ68: =AI68 -> -0.035945606 | BA68: =BA$57*SIN(BA$58*AR68+BA$59) -> -0.025296102 | BC68: 2 | BD68: =AQ68 -> 0.041662356 | BE68: =BE$57*SIN(BE$58*AR68+BE$59) -> 0.025296102
A69: 3 | B69: =RADIANS(A69) -> 0.052359878 | C69: =B$28+B$29*COS(B69) -> 15.994518 | D69: =B$29*SIN(B69) -> 0.20934383 | E69: =(C69*C69+D69*D69)^0.5 -> 15.995888 | F69: =B$25*E69 -> 15.995888 | G69: =ATAN(D69/C69) -> 0.013087726 | H69: =F69*COS(G69) -> 15.994518 | I69: =F69*SIN(G69) -> 0.20934383 | J69: =H69-B$32 -> 3.9945181 | K69: =I69 -> 0.20934383 | L69: =SQRT(J69*J69+K69*K69) -> 4 | N69: =-B$26*AO69/(E69*E69) -> -0.3698146 | O69: =N69*COS(G69) -> -0.36978293 | P69: =N69*SIN(G69) -> -0.0048398941 | Q69: =O69-B$34 -> 0.25521707 | R69: =P69 -> -0.0048398941 | S69: =J69+Q69*B$33 -> 4.2497352 | T69: =R69+K69*B$33 -> 0.20450393 | U69: =SQRT(S69*S69+T69*T69) -> 4.2546529 | W69: =$A69 -> 3 | X69: =ATAN2(S69,T69) -> 0.048084477 | Y69: =ATAN(P69/O69) -> 0.013087726 | AA69: =A69 -> 3 | AB69: =L69 -> 4 | AC69: =$U69 -> 4.2546529 | AD69: 3 | AE69: =AG69 -> 1.116 | AF69: =$U69/AB69 -> 1.0636632 | AG69: =VLOOKUP(AD79,migkas!E$3:H$1002,3,1) -> 1.116 | AH69: =SQRT((AF69-AG69)*(AF69-AG69)) -> 0.052336778 | AI69: =-(AG69-AF69)/AF69 -> -0.049204275 | AJ69: =AA69 -> 3 | AK69: =10^AF69 / AK$46 -> 5.7893956 | AL69: 3 | AM69: =VLOOKUP(AL79,migkas!E$3:H$1002,4,1)-AM$55 -> 1.0034483 | AN69: =AO69/B$27 -> 1.0513765 | AO69: =(1 - exp(-E69/C$61) * (1 + E69/C$61 + E69*E69/C$61/C$61/2)) *B$56 -> 52.568824 | AP69: =SQRT((AM69-AN69)*(AM69-AN69)) -> 0.047928213 | AQ69: =(AN69-AM69)/AN69 -> 0.045586156 | AR69: =AJ69 -> 3 | AS69: =AF249 -> 1.1283636 | AV69: =AV68+AV$55/10 -> 4.8 | AW69: =4/3 * PI() * AV69^B$53 *B$54 -> 50 | AY69: =AR69 -> 3 | AZ69: =AI69 -> -0.049204275 | BA69: =BA$57*SIN(BA$58*AR69+BA$59) -> -0.026799647 | BC69: 3 | BD69: =AQ69 -> 0.045586156 | BE69: =BE$57*SIN(BE$58*AR69+BE$59) -> 0.026799647
A70: 4 | B70: =RADIANS(A70) -> 0.06981317 | C70: =B$28+B$29*COS(B70) -> 15.990256 | D70: =B$29*SIN(B70) -> 0.2790259 | E70: =(C70*C70+D70*D70)^0.5 -> 15.99269 | F70: =B$25*E70 -> 15.99269 | G70: =ATAN(D70/C70) -> 0.017447974 | H70: =F70*COS(G70) -> 15.990256 | I70: =F70*SIN(G70) -> 0.2790259 | J70: =H70-B$32 -> 3.9902562 | K70: =I70 -> 0.2790259 | L70: =SQRT(J70*J70+K70*K70) -> 4 | N70: =-B$26*AO70/(E70*E70) -> -0.36995605 | O70: =N70*COS(G70) -> -0.36989974 | P70: =N70*SIN(G70) -> -0.0064546561 | Q70: =O70-B$34 -> 0.25510026 | R70: =P70 -> -0.0064546561 | S70: =J70+Q70*B$33 -> 4.2453565 | T70: =R70+K70*B$33 -> 0.27257124 | U70: =SQRT(S70*S70+T70*T70) -> 4.2540976 | W70: =$A70 -> 4 | X70: =ATAN2(S70,T70) -> 0.064116555 | Y70: =ATAN(P70/O70) -> 0.017447974 | AA70: =A70 -> 4 | AB70: =L70 -> 4 | AC70: =$U70 -> 4.2540976 | AD70: 4 | AE70: =AG70 -> 1.1 | AF70: =$U70/AB70 -> 1.0635244 | AG70: =VLOOKUP(AD80,migkas!E$3:H$1002,3,1) -> 1.1 | AH70: =SQRT((AF70-AG70)*(AF70-AG70)) -> 0.036475594 | AI70: =-(AG70-AF70)/AF70 -> -0.034296904 | AJ70: =AA70 -> 4 | AK70: =10^AF70 / AK$46 -> 5.7875454 | AL70: 4 | AM70: =VLOOKUP(AL80,migkas!E$3:H$1002,4,1)-AM$55 -> 1.017931 | AN70: =AO70/B$27 -> 1.0513582 | AO70: =(1 - exp(-E70/C$61) * (1 + E70/C$61 + E70*E70/C$61/C$61/2)) *B$56 -> 52.567908 | AP70: =SQRT((AM70-AN70)*(AM70-AN70)) -> 0.033427119 | AQ70: =(AN70-AM70)/AN70 -> 0.031794226 | AR70: =AJ70 -> 4 | AS70: =AF250 -> 1.1276387 | AV70: =AV69+AV$55/10 -> 6.4 | AW70: =4/3 * PI() * AV70^B$53 *B$54 -> 50 | AY70: =AR70 -> 4 | AZ70: =AI70 -> -0.034296904 | BA70: =BA$57*SIN(BA$58*AR70+BA$59) -> -0.028295029 | BC70: 4 | BD70: =AQ70 -> 0.031794226 | BE70: =BE$57*SIN(BE$58*AR70+BE$59) -> 0.028295029
A71: 5 | B71: =RADIANS(A71) -> 0.087266463 | C71: =B$28+B$29*COS(B71) -> 15.984779 | D71: =B$29*SIN(B71) -> 0.34862297 | E71: =(C71*C71+D71*D71)^0.5 -> 15.98858 | F71: =B$25*E71 -> 15.98858 | G71: =ATAN(D71/C71) -> 0.021806227 | H71: =F71*COS(G71) -> 15.984779 | I71: =F71*SIN(G71) -> 0.34862297 | J71: =H71-B$32 -> 3.9847788 | K71: =I71 -> 0.34862297 | L71: =SQRT(J71*J71+K71*K71) -> 4 | N71: =-B$26*AO71/(E71*E71) -> -0.37013799 | O71: =N71*COS(G71) -> -0.37004999 | P71: =N71*SIN(G71) -> -0.0080706732 | Q71: =O71-B$34 -> 0.25495001 | R71: =P71 -> -0.0080706732 | S71: =J71+Q71*B$33 -> 4.2397288 | T71: =R71+K71*B$33 -> 0.3405523 | U71: =SQRT(S71*S71+T71*T71) -> 4.2533841 | W71: =$A71 -> 5 | X71: =ATAN2(S71,T71) -> 0.080151992 | Y71: =ATAN(P71/O71) -> 0.021806227 | AA71: =A71 -> 5 | AB71: =L71 -> 4 | AC71: =$U71 -> 4.2533841 | AD71: 5 | AE71: =AG71 -> 1.102 | AF71: =$U71/AB71 -> 1.063346 | AG71: =VLOOKUP(AD81,migkas!E$3:H$1002,3,1) -> 1.102 | AH71: =SQRT((AF71-AG71)*(AF71-AG71)) -> 0.038653978 | AI71: =-(AG71-AF71)/AF71 -> -0.036351269 | AJ71: =AA71 -> 5 | AK71: =10^AF71 / AK$46 -> 5.7851687 | AL71: 5 | AM71: =VLOOKUP(AL81,migkas!E$3:H$1002,4,1)-AM$55 -> 1.02 | AN71: =AO71/B$27 -> 1.0513345 | AO71: =(1 - exp(-E71/C$61) * (1 + E71/C$61 + E71*E71/C$61/C$61/2)) *B$56 -> 52.566728 | AP71: =SQRT((AM71-AN71)*(AM71-AN71)) -> 0.03133455 | AQ71: =(AN71-AM71)/AN71 -> 0.029804547 | AR71: =AJ71 -> 5 | AS71: =AF251 -> 1.1267105 | AV71: =AV70+AV$55/10 -> 8 | AW71: =4/3 * PI() * AV71^B$53 *B$54 -> 50 | AY71: =AR71 -> 5 | AZ71: =AI71 -> -0.036351269 | BA71: =BA$57*SIN(BA$58*AR71+BA$59) -> -0.029781791 | BC71: 5 | BD71: =AQ71 -> 0.029804547 | BE71: =BE$57*SIN(BE$58*AR71+BE$59) -> 0.029781791
A72: 6 | B72: =RADIANS(A72) -> 0.10471976 | C72: =B$28+B$29*COS(B72) -> 15.978088 | D72: =B$29*SIN(B72) -> 0.41811385 | E72: =(C72*C72+D72*D72)^0.5 -> 15.983557 | F72: =B$25*E72 -> 15.983557 | G72: =ATAN(D72/C72) -> 0.026161983 | H72: =F72*COS(G72) -> 15.978088 | I72: =F72*SIN(G72) -> 0.41811385 | J72: =H72-B$32 -> 3.9780876 | K72: =I72 -> 0.41811385 | L72: =SQRT(J72*J72+K72*K72) -> 4 | N72: =-B$26*AO72/(E72*E72) -> -0.37036047 | O72: =N72*COS(G72) -> -0.37023373 | P72: =N72*SIN(G72) -> -0.0096882591 | Q72: =O72-B$34 -> 0.25476627 | R72: =P72 -> -0.0096882591 | S72: =J72+Q72*B$33 -> 4.2328538 | T72: =R72+K72*B$33 -> 0.40842559 | U72: =SQRT(S72*S72+T72*T72) -> 4.2525126 | W72: =$A72 -> 6 | X72: =ATAN2(S72,T72) -> 0.096191632 | Y72: =ATAN(P72/O72) -> 0.026161983 | AA72: =A72 -> 6 | AB72: =L72 -> 4 | AC72: =$U72 -> 4.2525126 | AD72: 6 | AE72: =AG72 -> 1.106 | AF72: =$U72/AB72 -> 1.0631281 | AG72: =VLOOKUP(AD82,migkas!E$3:H$1002,3,1) -> 1.106 | AH72: =SQRT((AF72-AG72)*(AF72-AG72)) -> 0.042871857 | AI72: =-(AG72-AF72)/AF72 -> -0.040326143 | AJ72: =AA72 -> 6 | AK72: =10^AF72 / AK$46 -> 5.7822671 | AL72: 6 | AM72: =VLOOKUP(AL82,migkas!E$3:H$1002,4,1)-AM$55 -> 1.0075862 | AN72: =AO72/B$27 -> 1.0513057 | AO72: =(1 - exp(-E72/C$61) * (1 + E72/C$61 + E72*E72/C$61/C$61/2)) *B$56 -> 52.565283 | AP72: =SQRT((AM72-AN72)*(AM72-AN72)) -> 0.043719453 | AQ72: =(AN72-AM72)/AN72 -> 0.041585862 | AR72: =AJ72 -> 6 | AS72: =AF252 -> 1.1255817 | AV72: =AV71+AV$55/10 -> 9.6 | AW72: =4/3 * PI() * AV72^B$53 *B$54 -> 50 | AY72: =AR72 -> 6 | AZ72: =AI72 -> -0.040326143 | BA72: =BA$57*SIN(BA$58*AR72+BA$59) -> -0.031259482 | BC72: 6 | BD72: =AQ72 -> 0.041585862 | BE72: =BE$57*SIN(BE$58*AR72+BE$59) -> 0.031259482
A73: 7 | B73: =RADIANS(A73) -> 0.12217305 | C73: =B$28+B$29*COS(B73) -> 15.970185 | D73: =B$29*SIN(B73) -> 0.48747737 | E73: =(C73*C73+D73*D73)^0.5 -> 15.977623 | F73: =B$25*E73 -> 15.977623 | G73: =ATAN(D73/C73) -> 0.030514742 | H73: =F73*COS(G73) -> 15.970185 | I73: =F73*SIN(G73) -> 0.48747737 | J73: =H73-B$32 -> 3.9701846 | K73: =I73 -> 0.48747737 | L73: =SQRT(J73*J73+K73*K73) -> 4 | N73: =-B$26*AO73/(E73*E73) -> -0.37062359 | O73: =N73*COS(G73) -> -0.37045105 | P73: =N73*SIN(G73) -> -0.011307728 | Q73: =O73-B$34 -> 0.25454895 | R73: =P73 -> -0.011307728 | S73: =J73+Q73*B$33 -> 4.2247336 | T73: =R73+K73*B$33 -> 0.47616965 | U73: =SQRT(S73*S73+T73*T73) -> 4.2514834 | W73: =$A73 -> 7 | X73: =ATAN2(S73,T73) -> 0.11223632 | Y73: =ATAN(P73/O73) -> 0.030514742 | AA73: =A73 -> 7 | AB73: =L73 -> 4 | AC73: =$U73 -> 4.2514834 | AD73: 7 | AE73: =AG73 -> 1.106 | AF73: =$U73/AB73 -> 1.0628709 | AG73: =VLOOKUP(AD83,migkas!E$3:H$1002,3,1) -> 1.106 | AH73: =SQRT((AF73-AG73)*(AF73-AG73)) -> 0.043129147 | AI73: =-(AG73-AF73)/AF73 -> -0.040577975 | AJ73: =AA73 -> 7 | AK73: =10^AF73 / AK$46 -> 5.7788425 | AL73: 7 | AM73: =VLOOKUP(AL83,migkas!E$3:H$1002,4,1)-AM$55 -> 1.0075862 | AN73: =AO73/B$27 -> 1.0512715 | AO73: =(1 - exp(-E73/C$61) * (1 + E73/C$61 + E73*E73/C$61/C$61/2)) *B$56 -> 52.563573 | AP73: =SQRT((AM73-AN73)*(AM73-AN73)) -> 0.043685248 | AQ73: =(AN73-AM73)/AN73 -> 0.041554679 | AR73: =AJ73 -> 7 | AS73: =AF253 -> 1.1242558 | AV73: =AV72+AV$55/10 -> 11.2 | AW73: =4/3 * PI() * AV73^B$53 *B$54 -> 50 | AY73: =AR73 -> 7 | AZ73: =AI73 -> -0.040577975 | BA73: =BA$57*SIN(BA$58*AR73+BA$59) -> -0.032727651 | BC73: 7 | BD73: =AQ73 -> 0.041554679 | BE73: =BE$57*SIN(BE$58*AR73+BE$59) -> 0.032727651
A74: 8 | B74: =RADIANS(A74) -> 0.13962634 | C74: =B$28+B$29*COS(B74) -> 15.961072 | D74: =B$29*SIN(B74) -> 0.5566924 | E74: =(C74*C74+D74*D74)^0.5 -> 15.970778 | F74: =B$25*E74 -> 15.970778 | G74: =ATAN(D74/C74) -> 0.034864001 | H74: =F74*COS(G74) -> 15.961072 | I74: =F74*SIN(G74) -> 0.5566924 | J74: =H74-B$32 -> 3.9610723 | K74: =I74 -> 0.5566924 | L74: =SQRT(J74*J74+K74*K74) -> 4 | N74: =-B$26*AO74/(E74*E74) -> -0.37092741 | O74: =N74*COS(G74) -> -0.370702 | P74: =N74*SIN(G74) -> -0.012929394 | Q74: =O74-B$34 -> 0.254298 | R74: =P74 -> -0.012929394 | S74: =J74+Q74*B$33 -> 4.2153703 | T74: =R74+K74*B$33 -> 0.54376301 | U74: =SQRT(S74*S74+T74*T74) -> 4.250297 | W74: =$A74 -> 8 | X74: =ATAN2(S74,T74) -> 0.12828689 | Y74: =ATAN(P74/O74) -> 0.034864001 | AA74: =A74 -> 8 | AB74: =L74 -> 4 | AC74: =$U74 -> 4.250297 | AD74: 8 | AE74: =AG74 -> 1.1 | AF74: =$U74/AB74 -> 1.0625743 | AG74: =VLOOKUP(AD84,migkas!E$3:H$1002,3,1) -> 1.1 | AH74: =SQRT((AF74-AG74)*(AF74-AG74)) -> 0.037425744 | AI74: =-(AG74-AF74)/AF74 -> -0.035221769 | AJ74: =AA74 -> 8 | AK74: =10^AF74 / AK$46 -> 5.7748972 | AL74: 8 | AM74: =VLOOKUP(AL84,migkas!E$3:H$1002,4,1)-AM$55 -> 1.017931 | AN74: =AO74/B$27 -> 1.0512319 | AO74: =(1 - exp(-E74/C$61) * (1 + E74/C$61 + E74*E74/C$61/C$61/2)) *B$56 -> 52.561595 | AP74: =SQRT((AM74-AN74)*(AM74-AN74)) -> 0.033300871 | AQ74: =(AN74-AM74)/AN74 -> 0.03167795 | AR74: =AJ74 -> 8 | AS74: =AF254 -> 1.1227368 | AV74: =AV73+AV$55/10 -> 12.8 | AW74: =4/3 * PI() * AV74^B$53 *B$54 -> 50 | AY74: =AR74 -> 8 | AZ74: =AI74 -> -0.035221769 | BA74: =BA$57*SIN(BA$58*AR74+BA$59) -> -0.034185851 | BC74: 8 | BD74: =AQ74 -> 0.03167795 | BE74: =BE$57*SIN(BE$58*AR74+BE$59) -> 0.034185851
A75: 9 | B75: =RADIANS(A75) -> 0.15707963 | C75: =B$28+B$29*COS(B75) -> 15.950753 | D75: =B$29*SIN(B75) -> 0.62573786 | E75: =(C75*C75+D75*D75)^0.5 -> 15.963022 | F75: =B$25*E75 -> 15.963022 | G75: =ATAN(D75/C75) -> 0.039209256 | H75: =F75*COS(G75) -> 15.950753 | I75: =F75*SIN(G75) -> 0.62573786 | J75: =H75-B$32 -> 3.9507534 | K75: =I75 -> 0.62573786 | L75: =SQRT(J75*J75+K75*K75) -> 4 | N75: =-B$26*AO75/(E75*E75) -> -0.37127204 | O75: =N75*COS(G75) -> -0.37098668 | P75: =N75*SIN(G75) -> -0.01455357 | Q75: =O75-B$34 -> 0.25401332 | R75: =P75 -> -0.01455357 | S75: =J75+Q75*B$33 -> 4.2047667 | T75: =R75+K75*B$33 -> 0.61118429 | U75: =SQRT(S75*S75+T75*T75) -> 4.2489539 | W75: =$A75 -> 9 | X75: =ATAN2(S75,T75) -> 0.14434419 | Y75: =ATAN(P75/O75) -> 0.039209256 | AA75: =A75 -> 9 | AB75: =L75 -> 4 | AC75: =$U75 -> 4.2489539 | AD75: 9 | AE75: =AG75 -> 1.098 | AF75: =$U75/AB75 -> 1.0622385 | AG75: =VLOOKUP(AD85,migkas!E$3:H$1002,3,1) -> 1.098 | AH75: =SQRT((AF75-AG75)*(AF75-AG75)) -> 0.03576153 | AI75: =-(AG75-AF75)/AF75 -> -0.033666198 | AJ75: =AA75 -> 9 | AK75: =10^AF75 / AK$46 -> 5.7704339 | AL75: 9 | AM75: =VLOOKUP(AL85,migkas!E$3:H$1002,4,1)-AM$55 -> 1.02 | AN75: =AO75/B$27 -> 1.051187 | AO75: =(1 - exp(-E75/C$61) * (1 + E75/C$61 + E75*E75/C$61/C$61/2)) *B$56 -> 52.559349 | AP75: =SQRT((AM75-AN75)*(AM75-AN75)) -> 0.031186976 | AQ75: =(AN75-AM75)/AN75 -> 0.029668343 | AR75: =AJ75 -> 9 | AS75: =AF255 -> 1.1210292 | AV75: =AV74+AV$55/10 -> 14.4 | AW75: =4/3 * PI() * AV75^B$53 *B$54 -> 50 | AY75: =AR75 -> 9 | AZ75: =AI75 -> -0.033666198 | BA75: =BA$57*SIN(BA$58*AR75+BA$59) -> -0.035633637 | BC75: 9 | BD75: =AQ75 -> 0.029668343 | BE75: =BE$57*SIN(BE$58*AR75+BE$59) -> 0.035633637
A76: 10 | B76: =RADIANS(A76) -> 0.17453293 | C76: =B$28+B$29*COS(B76) -> 15.939231 | D76: =B$29*SIN(B76) -> 0.69459271 | E76: =(C76*C76+D76*D76)^0.5 -> 15.954358 | F76: =B$25*E76 -> 15.954358 | G76: =ATAN(D76/C76) -> 0.043550001 | H76: =F76*COS(G76) -> 15.939231 | I76: =F76*SIN(G76) -> 0.69459271 | J76: =H76-B$32 -> 3.939231 | K76: =I76 -> 0.69459271 | L76: =SQRT(J76*J76+K76*K76) -> 4 | N76: =-B$26*AO76/(E76*E76) -> -0.37165759 | O76: =N76*COS(G76) -> -0.3713052 | P76: =N76*SIN(G76) -> -0.016180573 | Q76: =O76-B$34 -> 0.2536948 | R76: =P76 -> -0.016180573 | S76: =J76+Q76*B$33 -> 4.1929258 | T76: =R76+K76*B$33 -> 0.67841214 | U76: =SQRT(S76*S76+T76*T76) -> 4.2474545 | W76: =$A76 -> 10 | X76: =ATAN2(S76,T76) -> 0.16040908 | Y76: =ATAN(P76/O76) -> 0.043550001 | AA76: =A76 -> 10 | AB76: =L76 -> 4 | AC76: =$U76 -> 4.2474545 | AD76: 10 | AE76: =AG76 -> 1.12 | AF76: =$U76/AB76 -> 1.0618636 | AG76: =VLOOKUP(AD86,migkas!E$3:H$1002,3,1) -> 1.12 | AH76: =SQRT((AF76-AG76)*(AF76-AG76)) -> 0.05813637 | AI76: =-(AG76-AF76)/AF76 -> -0.054749375 | AJ76: =AA76 -> 10 | AK76: =10^AF76 / AK$46 -> 5.7654556 | AL76: 10 | AM76: =VLOOKUP(AL86,migkas!E$3:H$1002,4,1)-AM$55 -> 1.0137931 | AN76: =AO76/B$27 -> 1.0511366 | AO76: =(1 - exp(-E76/C$61) * (1 + E76/C$61 + E76*E76/C$61/C$61/2)) *B$56 -> 52.556831 | AP76: =SQRT((AM76-AN76)*(AM76-AN76)) -> 0.037343523 | AQ76: =(AN76-AM76)/AN76 -> 0.035526803 | AR76: =AJ76 -> 10 | AS76: =AF256 -> 1.119138 | AV76: =AV75+AV$55/10 -> 16 | AW76: =4/3 * PI() * AV76^B$53 *B$54 -> 50 | AY76: =AR76 -> 10 | AZ76: =AI76 -> -0.054749375 | BA76: =BA$57*SIN(BA$58*AR76+BA$59) -> -0.037070569 | BC76: 10 | BD76: =AQ76 -> 0.035526803 | BE76: =BE$57*SIN(BE$58*AR76+BE$59) -> 0.037070569
A77: 11 | B77: =RADIANS(A77) -> 0.19198622 | C77: =B$28+B$29*COS(B77) -> 15.926509 | D77: =B$29*SIN(B77) -> 0.76323598 | E77: =(C77*C77+D77*D77)^0.5 -> 15.944786 | F77: =B$25*E77 -> 15.944786 | G77: =ATAN(D77/C77) -> 0.047885731 | H77: =F77*COS(G77) -> 15.926509 | I77: =F77*SIN(G77) -> 0.76323598 | J77: =H77-B$32 -> 3.9265087 | K77: =I77 -> 0.76323598 | L77: =SQRT(J77*J77+K77*K77) -> 4 | N77: =-B$26*AO77/(E77*E77) -> -0.37208419 | O77: =N77*COS(G77) -> -0.37165766 | P77: =N77*SIN(G77) -> -0.017810715 | Q77: =O77-B$34 -> 0.25334234 | R77: =P77 -> -0.017810715 | S77: =J77+Q77*B$33 -> 4.1798511 | T77: =R77+K77*B$33 -> 0.74542527 | U77: =SQRT(S77*S77+T77*T77) -> 4.2457995 | W77: =$A77 -> 11 | X77: =ATAN2(S77,T77) -> 0.1764824 | Y77: =ATAN(P77/O77) -> 0.047885731 | AA77: =A77 -> 11 | AB77: =L77 -> 4 | AC77: =$U77 -> 4.2457995 | AD77: 11 | AE77: =AG77 -> 1.102 | AF77: =$U77/AB77 -> 1.0614499 | AG77: =VLOOKUP(AD87,migkas!E$3:H$1002,3,1) -> 1.102 | AH77: =SQRT((AF77-AG77)*(AF77-AG77)) -> 0.040550113 | AI77: =-(AG77-AF77)/AF77 -> -0.03820257 | AJ77: =AA77 -> 11 | AK77: =10^AF77 / AK$46 -> 5.7599656 | AL77: 11 | AM77: =VLOOKUP(AL87,migkas!E$3:H$1002,4,1)-AM$55 -> 1.0137931 | AN77: =AO77/B$27 -> 1.0510808 | AO77: =(1 - exp(-E77/C$61) * (1 + E77/C$61 + E77*E77/C$61/C$61/2)) *B$56 -> 52.554041 | AP77: =SQRT((AM77-AN77)*(AM77-AN77)) -> 0.037287708 | AQ77: =(AN77-AM77)/AN77 -> 0.035475586 | AR77: =AJ77 -> 11 | AS77: =AF257 -> 1.1170689 | AV77: =AV76+AV$55/10 -> 17.6 | AW77: =4/3 * PI() * AV77^B$53 *B$54 -> 50 | AY77: =AR77 -> 11 | AZ77: =AI77 -> -0.03820257 | BA77: =BA$57*SIN(BA$58*AR77+BA$59) -> -0.038496209 | BC77: 11 | BD77: =AQ77 -> 0.035475586 | BE77: =BE$57*SIN(BE$58*AR77+BE$59) -> 0.038496209
A78: 12 | B78: =RADIANS(A78) -> 0.20943951 | C78: =B$28+B$29*COS(B78) -> 15.91259 | D78: =B$29*SIN(B78) -> 0.83164676 | E78: =(C78*C78+D78*D78)^0.5 -> 15.934308 | F78: =B$25*E78 -> 15.934308 | G78: =ATAN(D78/C78) -> 0.052215936 | H78: =F78*COS(G78) -> 15.91259 | I78: =F78*SIN(G78) -> 0.83164676 | J78: =H78-B$32 -> 3.9125904 | K78: =I78 -> 0.83164676 | L78: =SQRT(J78*J78+K78*K78) -> 4 | N78: =-B$26*AO78/(E78*E78) -> -0.37255197 | O78: =N78*COS(G78) -> -0.3720442 | P78: =N78*SIN(G78) -> -0.019444311 | Q78: =O78-B$34 -> 0.2529558 | R78: =P78 -> -0.019444311 | S78: =J78+Q78*B$33 -> 4.1655462 | T78: =R78+K78*B$33 -> 0.81220245 | U78: =SQRT(S78*S78+T78*T78) -> 4.2439896 | W78: =$A78 -> 12 | X78: =ATAN2(S78,T78) -> 0.19256499 | Y78: =ATAN(P78/O78) -> 0.052215936 | AA78: =A78 -> 12 | AB78: =L78 -> 4 | AC78: =$U78 -> 4.2439896 | AD78: 12 | AE78: =AG78 -> 1.124 | AF78: =$U78/AB78 -> 1.0609974 | AG78: =VLOOKUP(AD88,migkas!E$3:H$1002,3,1) -> 1.124 | AH78: =SQRT((AF78-AG78)*(AF78-AG78)) -> 0.063002593 | AI78: =-(AG78-AF78)/AF78 -> -0.059380534 | AJ78: =AA78 -> 12 | AK78: =10^AF78 / AK$46 -> 5.7539676 | AL78: 12 | AM78: =VLOOKUP(AL88,migkas!E$3:H$1002,4,1)-AM$55 -> 1.0075862 | AN78: =AO78/B$27 -> 1.0510195 | AO78: =(1 - exp(-E78/C$61) * (1 + E78/C$61 + E78*E78/C$61/C$61/2)) *B$56 -> 52.550974 | AP78: =SQRT((AM78-AN78)*(AM78-AN78)) -> 0.043433273 | AQ78: =(AN78-AM78)/AN78 -> 0.041324898 | AR78: =AJ78 -> 12 | AS78: =AF258 -> 1.1148278 | AV78: =AV77+AV$55/10 -> 19.2 | AW78: =4/3 * PI() * AV78^B$53 *B$54 -> 50 | AY78: =AR78 -> 12 | AZ78: =AI78 -> -0.059380534 | BA78: =BA$57*SIN(BA$58*AR78+BA$59) -> -0.039910123 | BC78: 12 | BD78: =AQ78 -> 0.041324898 | BE78: =BE$57*SIN(BE$58*AR78+BE$59) -> 0.039910123
A79: 13 | B79: =RADIANS(A79) -> 0.2268928 | C79: =B$28+B$29*COS(B79) -> 15.89748 | D79: =B$29*SIN(B79) -> 0.89980422 | E79: =(C79*C79+D79*D79)^0.5 -> 15.922925 | F79: =B$25*E79 -> 15.922925 | G79: =ATAN(D79/C79) -> 0.056540104 | H79: =F79*COS(G79) -> 15.89748 | I79: =F79*SIN(G79) -> 0.89980422 | J79: =H79-B$32 -> 3.8974803 | K79: =I79 -> 0.89980422 | L79: =SQRT(J79*J79+K79*K79) -> 4 | N79: =-B$26*AO79/(E79*E79) -> -0.37306109 | O79: =N79*COS(G79) -> -0.37246495 | P79: =N79*SIN(G79) -> -0.021081676 | Q79: =O79-B$34 -> 0.25253505 | R79: =P79 -> -0.021081676 | S79: =J79+Q79*B$33 -> 4.1500153 | T79: =R79+K79*B$33 -> 0.87872254 | U79: =SQRT(S79*S79+T79*T79) -> 4.2420255 | W79: =$A79 -> 13 | X79: =ATAN2(S79,T79) -> 0.20865772 | Y79: =ATAN(P79/O79) -> 0.056540104 | AA79: =A79 -> 13 | AB79: =L79 -> 4 | AC79: =$U79 -> 4.2420255 | AD79: 13 | AE79: =AG79 -> 1.138 | AF79: =$U79/AB79 -> 1.0605064 | AG79: =VLOOKUP(AD89,migkas!E$3:H$1002,3,1) -> 1.138 | AH79: =SQRT((AF79-AG79)*(AF79-AG79)) -> 0.077493625 | AI79: =-(AG79-AF79)/AF79 -> -0.073072285 | AJ79: =AA79 -> 13 | AK79: =10^AF79 / AK$46 -> 5.7474656 | AL79: 13 | AM79: =VLOOKUP(AL89,migkas!E$3:H$1002,4,1)-AM$55 -> 0.99931035 | AN79: =AO79/B$27 -> 1.0509526 | AO79: =(1 - exp(-E79/C$61) * (1 + E79/C$61 + E79*E79/C$61/C$61/2)) *B$56 -> 52.547629 | AP79: =SQRT((AM79-AN79)*(AM79-AN79)) -> 0.051642234 | AQ79: =(AN79-AM79)/AN79 -> 0.049138501 | AR79: =AJ79 -> 13 | AS79: =AF259 -> 1.1124214 | AV79: =AV78+AV$55/10 -> 20.8 | AW79: =4/3 * PI() * AV79^B$53 *B$54 -> 50 | AY79: =AR79 -> 13 | AZ79: =AI79 -> -0.073072285 | BA79: =BA$57*SIN(BA$58*AR79+BA$59) -> -0.041311879 | BC79: 13 | BD79: =AQ79 -> 0.049138501 | BE79: =BE$57*SIN(BE$58*AR79+BE$59) -> 0.041311879
A80: 14 | B80: =RADIANS(A80) -> 0.2443461 | C80: =B$28+B$29*COS(B80) -> 15.881183 | D80: =B$29*SIN(B80) -> 0.96768758 | E80: =(C80*C80+D80*D80)^0.5 -> 15.910638 | F80: =B$25*E80 -> 15.910638 | G80: =ATAN(D80/C80) -> 0.060857723 | H80: =F80*COS(G80) -> 15.881183 | I80: =F80*SIN(G80) -> 0.96768758 | J80: =H80-B$32 -> 3.8811829 | K80: =I80 -> 0.96768758 | L80: =SQRT(J80*J80+K80*K80) -> 4 | N80: =-B$26*AO80/(E80*E80) -> -0.37361172 | O80: =N80*COS(G80) -> -0.37292006 | P80: =N80*SIN(G80) -> -0.022723126 | Q80: =O80-B$34 -> 0.25207994 | R80: =P80 -> -0.022723126 | S80: =J80+Q80*B$33 -> 4.1332628 | T80: =R80+K80*B$33 -> 0.94496446 | U80: =SQRT(S80*S80+T80*T80) -> 4.239908 | W80: =$A80 -> 14 | X80: =ATAN2(S80,T80) -> 0.22476144 | Y80: =ATAN(P80/O80) -> 0.060857723 | AA80: =A80 -> 14 | AB80: =L80 -> 4 | AC80: =$U80 -> 4.239908 | AD80: 14 | AE80: =AG80 -> 1.178 | AF80: =$U80/AB80 -> 1.059977 | AG80: =VLOOKUP(AD90,migkas!E$3:H$1002,3,1) -> 1.178 | AH80: =SQRT((AF80-AG80)*(AF80-AG80)) -> 0.11802301 | AI80: =-(AG80-AF80)/AF80 -> -0.11134488 | AJ80: =AA80 -> 14 | AK80: =10^AF80 / AK$46 -> 5.740464 | AL80: 14 | AM80: =VLOOKUP(AL90,migkas!E$3:H$1002,4,1)-AM$55 -> 0.96 | AN80: =AO80/B$27 -> 1.05088 | AO80: =(1 - exp(-E80/C$61) * (1 + E80/C$61 + E80*E80/C$61/C$61/2)) *B$56 -> 52.544002 | AP80: =SQRT((AM80-AN80)*(AM80-AN80)) -> 0.090880047 | AQ80: =(AN80-AM80)/AN80 -> 0.086479943 | AR80: =AJ80 -> 14 | AS80: =AF260 -> 1.1098565 | AV80: =AV79+AV$55/10 -> 22.4 | AW80: =4/3 * PI() * AV80^B$53 *B$54 -> 50 | AY80: =AR80 -> 14 | AZ80: =AI80 -> -0.11134488 | BA80: =BA$57*SIN(BA$58*AR80+BA$59) -> -0.042701052 | BC80: 14 | BD80: =AQ80 -> 0.086479943 | BE80: =BE$57*SIN(BE$58*AR80+BE$59) -> 0.042701052
A81: 15 | B81: =RADIANS(A81) -> 0.26179939 | C81: =B$28+B$29*COS(B81) -> 15.863703 | D81: =B$29*SIN(B81) -> 1.0352762 | E81: =(C81*C81+D81*D81)^0.5 -> 15.897449 | F81: =B$25*E81 -> 15.897449 | G81: =ATAN(D81/C81) -> 0.065168276 | H81: =F81*COS(G81) -> 15.863703 | I81: =F81*SIN(G81) -> 1.0352762 | J81: =H81-B$32 -> 3.8637033 | K81: =I81 -> 1.0352762 | L81: =SQRT(J81*J81+K81*K81) -> 4 | N81: =-B$26*AO81/(E81*E81) -> -0.37420402 | O81: =N81*COS(G81) -> -0.3734097 | P81: =N81*SIN(G81) -> -0.024368974 | Q81: =O81-B$34 -> 0.2515903 | R81: =P81 -> -0.024368974 | S81: =J81+Q81*B$33 -> 4.1152936 | T81: =R81+K81*B$33 -> 1.0109072 | U81: =SQRT(S81*S81+T81*T81) -> 4.2376379 | W81: =$A81 -> 15 | X81: =ATAN2(S81,T81) -> 0.24087701 | Y81: =ATAN(P81/O81) -> 0.065168276 | AA81: =A81 -> 15 | AB81: =L81 -> 4 | AC81: =$U81 -> 4.2376379 | AD81: 15 | AE81: =AG81 -> 1.178 | AF81: =$U81/AB81 -> 1.0594095 | AG81: =VLOOKUP(AD91,migkas!E$3:H$1002,3,1) -> 1.178 | AH81: =SQRT((AF81-AG81)*(AF81-AG81)) -> 0.11859053 | AI81: =-(AG81-AF81)/AF81 -> -0.11194022 | AJ81: =AA81 -> 15 | AK81: =10^AF81 / AK$46 -> 5.7329674 | AL81: 15 | AM81: =VLOOKUP(AL91,migkas!E$3:H$1002,4,1)-AM$55 -> 0.96 | AN81: =AO81/B$27 -> 1.0508018 | AO81: =(1 - exp(-E81/C$61) * (1 + E81/C$61 + E81*E81/C$61/C$61/2)) *B$56 -> 52.540091 | AP81: =SQRT((AM81-AN81)*(AM81-AN81)) -> 0.090801818 | AQ81: =(AN81-AM81)/AN81 -> 0.086411935 | AR81: =AJ81 -> 15 | AS81: =AF261 -> 1.1071404 | AY81: =AR81 -> 15 | AZ81: =AI81 -> -0.11194022 | BA81: =BA$57*SIN(BA$58*AR81+BA$59) -> -0.044077218 | BC81: 15 | BD81: =AQ81 -> 0.086411935 | BE81: =BE$57*SIN(BE$58*AR81+BE$59) -> 0.044077218
A82: 16 | B82: =RADIANS(A82) -> 0.27925268 | C82: =B$28+B$29*COS(B82) -> 15.845047 | D82: =B$29*SIN(B82) -> 1.1025494 | E82: =(C82*C82+D82*D82)^0.5 -> 15.88336 | F82: =B$25*E82 -> 15.88336 | G82: =ATAN(D82/C82) -> 0.069471245 | H82: =F82*COS(G82) -> 15.845047 | I82: =F82*SIN(G82) -> 1.1025494 | J82: =H82-B$32 -> 3.8450468 | K82: =I82 -> 1.1025494 | L82: =SQRT(J82*J82+K82*K82) -> 4 | N82: =-B$26*AO82/(E82*E82) -> -0.37483821 | O82: =N82*COS(G82) -> -0.37393404 | P82: =N82*SIN(G82) -> -0.026019536 | Q82: =O82-B$34 -> 0.25106596 | R82: =P82 -> -0.026019536 | S82: =J82+Q82*B$33 -> 4.0961127 | T82: =R82+K82*B$33 -> 1.0765299 | U82: =SQRT(S82*S82+T82*T82) -> 4.2352162 | W82: =$A82 -> 16 | X82: =ATAN2(S82,T82) -> 0.25700529 | Y82: =ATAN(P82/O82) -> 0.069471245 | AA82: =A82 -> 16 | AB82: =L82 -> 4 | AC82: =$U82 -> 4.2352162 | AD82: 16 | AE82: =AG82 -> 1.134 | AF82: =$U82/AB82 -> 1.058804 | AG82: =VLOOKUP(AD92,migkas!E$3:H$1002,3,1) -> 1.134 | AH82: =SQRT((AF82-AG82)*(AF82-AG82)) -> 0.075195952 | AI82: =-(AG82-AF82)/AF82 -> -0.071019705 | AJ82: =AA82 -> 16 | AK82: =10^AF82 / AK$46 -> 5.724981 | AL82: 16 | AM82: =VLOOKUP(AL92,migkas!E$3:H$1002,4,1)-AM$55 -> 0.98689655 | AN82: =AO82/B$27 -> 1.0507178 | AO82: =(1 - exp(-E82/C$61) * (1 + E82/C$61 + E82*E82/C$61/C$61/2)) *B$56 -> 52.535891 | AP82: =SQRT((AM82-AN82)*(AM82-AN82)) -> 0.063821271 | AQ82: =(AN82-AM82)/AN82 -> 0.060740638 | AR82: =AJ82 -> 16 | AS82: =AF262 -> 1.1042808 | AY82: =AR82 -> 16 | AZ82: =AI82 -> -0.071019705 | BA82: =BA$57*SIN(BA$58*AR82+BA$59) -> -0.045439957 | BC82: 16 | BD82: =AQ82 -> 0.060740638 | BE82: =BE$57*SIN(BE$58*AR82+BE$59) -> 0.045439957
A83: 17 | B83: =RADIANS(A83) -> 0.29670597 | C83: =B$28+B$29*COS(B83) -> 15.825219 | D83: =B$29*SIN(B83) -> 1.1694868 | E83: =(C83*C83+D83*D83)^0.5 -> 15.868373 | F83: =B$25*E83 -> 15.868373 | G83: =ATAN(D83/C83) -> 0.073766108 | H83: =F83*COS(G83) -> 15.825219 | I83: =F83*SIN(G83) -> 1.1694868 | J83: =H83-B$32 -> 3.825219 | K83: =I83 -> 1.1694868 | L83: =SQRT(J83*J83+K83*K83) -> 4 | N83: =-B$26*AO83/(E83*E83) -> -0.37551448 | O83: =N83*COS(G83) -> -0.37449327 | P83: =N83*SIN(G83) -> -0.027675127 | Q83: =O83-B$34 -> 0.25050673 | R83: =P83 -> -0.027675127 | S83: =J83+Q83*B$33 -> 4.0757258 | T83: =R83+K83*B$33 -> 1.1418117 | U83: =SQRT(S83*S83+T83*T83) -> 4.2326439 | W83: =$A83 -> 17 | X83: =ATAN2(S83,T83) -> 0.27314714 | Y83: =ATAN(P83/O83) -> 0.073766108 | AA83: =A83 -> 17 | AB83: =L83 -> 4 | AC83: =$U83 -> 4.2326439 | AD83: 17 | AE83: =AG83 -> 1.134 | AF83: =$U83/AB83 -> 1.058161 | AG83: =VLOOKUP(AD93,migkas!E$3:H$1002,3,1) -> 1.134 | AH83: =SQRT((AF83-AG83)*(AF83-AG83)) -> 0.075839025 | AI83: =-(AG83-AF83)/AF83 -> -0.071670594 | AJ83: =AA83 -> 17 | AK83: =10^AF83 / AK$46 -> 5.7165102 | AL83: 17 | AM83: =VLOOKUP(AL93,migkas!E$3:H$1002,4,1)-AM$55 -> 0.98896552 | AN83: =AO83/B$27 -> 1.050628 | AO83: =(1 - exp(-E83/C$61) * (1 + E83/C$61 + E83*E83/C$61/C$61/2)) *B$56 -> 52.531399 | AP83: =SQRT((AM83-AN83)*(AM83-AN83)) -> 0.061662469 | AQ83: =(AN83-AM83)/AN83 -> 0.058691059 | AR83: =AJ83 -> 17 | AS83: =AF263 -> 1.1012856 | AY83: =AR83 -> 17 | AZ83: =AI83 -> -0.071670594 | BA83: =BA$57*SIN(BA$58*AR83+BA$59) -> -0.046788854 | BC83: 17 | BD83: =AQ83 -> 0.058691059 | BE83: =BE$57*SIN(BE$58*AR83+BE$59) -> 0.046788854
A84: 18 | B84: =RADIANS(A84) -> 0.31415927 | C84: =B$28+B$29*COS(B84) -> 15.804226 | D84: =B$29*SIN(B84) -> 1.236068 | E84: =(C84*C84+D84*D84)^0.5 -> 15.85249 | F84: =B$25*E84 -> 15.85249 | G84: =ATAN(D84/C84) -> 0.078052341 | H84: =F84*COS(G84) -> 15.804226 | I84: =F84*SIN(G84) -> 1.236068 | J84: =H84-B$32 -> 3.8042261 | K84: =I84 -> 1.236068 | L84: =SQRT(J84*J84+K84*K84) -> 4 | N84: =-B$26*AO84/(E84*E84) -> -0.37623304 | O84: =N84*COS(G84) -> -0.37508759 | P84: =N84*SIN(G84) -> -0.029336062 | Q84: =O84-B$34 -> 0.24991241 | R84: =P84 -> -0.029336062 | S84: =J84+Q84*B$33 -> 4.0541385 | T84: =R84+K84*B$33 -> 1.2067319 | U84: =SQRT(S84*S84+T84*T84) -> 4.2299221 | W84: =$A84 -> 18 | X84: =ATAN2(S84,T84) -> 0.28930343 | Y84: =ATAN(P84/O84) -> 0.078052341 | AA84: =A84 -> 18 | AB84: =L84 -> 4 | AC84: =$U84 -> 4.2299221 | AD84: 18 | AE84: =AG84 -> 1.13 | AF84: =$U84/AB84 -> 1.0574805 | AG84: =VLOOKUP(AD94,migkas!E$3:H$1002,3,1) -> 1.13 | AH84: =SQRT((AF84-AG84)*(AF84-AG84)) -> 0.072519483 | AI84: =-(AG84-AF84)/AF84 -> -0.068577607 | AJ84: =AA84 -> 18 | AK84: =10^AF84 / AK$46 -> 5.7075605 | AL84: 18 | AM84: =VLOOKUP(AL94,migkas!E$3:H$1002,4,1)-AM$55 -> 1.0013793 | AN84: =AO84/B$27 -> 1.0505322 | AO84: =(1 - exp(-E84/C$61) * (1 + E84/C$61 + E84*E84/C$61/C$61/2)) *B$56 -> 52.526611 | AP84: =SQRT((AM84-AN84)*(AM84-AN84)) -> 0.049152916 | AQ84: =(AN84-AM84)/AN84 -> 0.046788585 | AR84: =AJ84 -> 18 | AS84: =AF264 -> 1.0981631 | AY84: =AR84 -> 18 | AZ84: =AI84 -> -0.068577607 | BA84: =BA$57*SIN(BA$58*AR84+BA$59) -> -0.0481235 | BC84: 18 | BD84: =AQ84 -> 0.046788585 | BE84: =BE$57*SIN(BE$58*AR84+BE$59) -> 0.0481235
A85: 19 | B85: =RADIANS(A85) -> 0.33161256 | C85: =B$28+B$29*COS(B85) -> 15.782074 | D85: =B$29*SIN(B85) -> 1.3022726 | E85: =(C85*C85+D85*D85)^0.5 -> 15.835712 | F85: =B$25*E85 -> 15.835712 | G85: =ATAN(D85/C85) -> 0.082329416 | H85: =F85*COS(G85) -> 15.782074 | I85: =F85*SIN(G85) -> 1.3022726 | J85: =H85-B$32 -> 3.7820743 | K85: =I85 -> 1.3022726 | L85: =SQRT(J85*J85+K85*K85) -> 4 | N85: =-B$26*AO85/(E85*E85) -> -0.37699415 | O85: =N85*COS(G85) -> -0.37571721 | P85: =N85*SIN(G85) -> -0.031002657 | Q85: =O85-B$34 -> 0.24928279 | R85: =P85 -> -0.031002657 | S85: =J85+Q85*B$33 -> 4.0313571 | T85: =R85+K85*B$33 -> 1.27127 | U85: =SQRT(S85*S85+T85*T85) -> 4.2270518 | W85: =$A85 -> 19 | X85: =ATAN2(S85,T85) -> 0.30547503 | Y85: =ATAN(P85/O85) -> 0.082329416 | AA85: =A85 -> 19 | AB85: =L85 -> 4 | AC85: =$U85 -> 4.2270518 | AD85: 19 | AE85: =AG85 -> 1.14 | AF85: =$U85/AB85 -> 1.056763 | AG85: =VLOOKUP(AD95,migkas!E$3:H$1002,3,1) -> 1.14 | AH85: =SQRT((AF85-AG85)*(AF85-AG85)) -> 0.083237039 | AI85: =-(AG85-AF85)/AF85 -> -0.078766045 | AJ85: =AA85 -> 19 | AK85: =10^AF85 / AK$46 -> 5.698138 | AL85: 19 | AM85: =VLOOKUP(AL95,migkas!E$3:H$1002,4,1)-AM$55 -> 1.0055172 | AN85: =AO85/B$27 -> 1.0504305 | AO85: =(1 - exp(-E85/C$61) * (1 + E85/C$61 + E85*E85/C$61/C$61/2)) *B$56 -> 52.521523 | AP85: =SQRT((AM85-AN85)*(AM85-AN85)) -> 0.044913216 | AQ85: =(AN85-AM85)/AN85 -> 0.042756963 | AR85: =AJ85 -> 19 | AS85: =AF265 -> 1.0949218 | AY85: =AR85 -> 19 | AZ85: =AI85 -> -0.078766045 | BA85: =BA$57*SIN(BA$58*AR85+BA$59) -> -0.049443486 | BC85: 19 | BD85: =AQ85 -> 0.042756963 | BE85: =BE$57*SIN(BE$58*AR85+BE$59) -> 0.049443486
A86: 20 | B86: =RADIANS(A86) -> 0.34906585 | C86: =B$28+B$29*COS(B86) -> 15.75877 | D86: =B$29*SIN(B86) -> 1.3680806 | E86: =(C86*C86+D86*D86)^0.5 -> 15.818043 | F86: =B$25*E86 -> 15.818043 | G86: =ATAN(D86/C86) -> 0.086596801 | H86: =F86*COS(G86) -> 15.75877 | I86: =F86*SIN(G86) -> 1.3680806 | J86: =H86-B$32 -> 3.7587705 | K86: =I86 -> 1.3680806 | L86: =SQRT(J86*J86+K86*K86) -> 4 | N86: =-B$26*AO86/(E86*E86) -> -0.37779804 | O86: =N86*COS(G86) -> -0.37638237 | P86: =N86*SIN(G86) -> -0.032675227 | Q86: =O86-B$34 -> 0.24861763 | R86: =P86 -> -0.032675227 | S86: =J86+Q86*B$33 -> 4.0073881 | T86: =R86+K86*B$33 -> 1.3354053 | U86: =SQRT(S86*S86+T86*T86) -> 4.2240344 | W86: =$A86 -> 20 | X86: =ATAN2(S86,T86) -> 0.32166281 | Y86: =ATAN(P86/O86) -> 0.086596801 | AA86: =A86 -> 20 | AB86: =L86 -> 4 | AC86: =$U86 -> 4.2240344 | AD86: 20 | AE86: =AG86 -> 1.144 | AF86: =$U86/AB86 -> 1.0560086 | AG86: =VLOOKUP(AD96,migkas!E$3:H$1002,3,1) -> 1.144 | AH86: =SQRT((AF86-AG86)*(AF86-AG86)) -> 0.08799139 | AI86: =-(AG86-AF86)/AF86 -> -0.083324501 | AJ86: =AA86 -> 20 | AK86: =10^AF86 / AK$46 -> 5.6882492 | AL86: 20 | AM86: =VLOOKUP(AL96,migkas!E$3:H$1002,4,1)-AM$55 -> 1.0013793 | AN86: =AO86/B$27 -> 1.0503226 | AO86: =(1 - exp(-E86/C$61) * (1 + E86/C$61 + E86*E86/C$61/C$61/2)) *B$56 -> 52.516129 | AP86: =SQRT((AM86-AN86)*(AM86-AN86)) -> 0.048943276 | AQ86: =(AN86-AM86)/AN86 -> 0.046598328 | AR86: =AJ86 -> 20 | AS86: =AF266 -> 1.0915703 | AY86: =AR86 -> 20 | AZ86: =AI86 -> -0.083324501 | BA86: =BA$57*SIN(BA$58*AR86+BA$59) -> -0.050748412 | BC86: 20 | BD86: =AQ86 -> 0.046598328 | BE86: =BE$57*SIN(BE$58*AR86+BE$59) -> 0.050748412
A87: 21 | B87: =RADIANS(A87) -> 0.36651914 | C87: =B$28+B$29*COS(B87) -> 15.734322 | D87: =B$29*SIN(B87) -> 1.4334718 | E87: =(C87*C87+D87*D87)^0.5 -> 15.799485 | F87: =B$25*E87 -> 15.799485 | G87: =ATAN(D87/C87) -> 0.090853961 | H87: =F87*COS(G87) -> 15.734322 | I87: =F87*SIN(G87) -> 1.4334718 | J87: =H87-B$32 -> 3.7343217 | K87: =I87 -> 1.4334718 | L87: =SQRT(J87*J87+K87*K87) -> 4 | N87: =-B$26*AO87/(E87*E87) -> -0.37864497 | O87: =N87*COS(G87) -> -0.37708329 | P87: =N87*SIN(G87) -> -0.034354088 | Q87: =O87-B$34 -> 0.24791671 | R87: =P87 -> -0.034354088 | S87: =J87+Q87*B$33 -> 3.9822384 | T87: =R87+K87*B$33 -> 1.3991177 | U87: =SQRT(S87*S87+T87*T87) -> 4.2208711 | W87: =$A87 -> 21 | X87: =ATAN2(S87,T87) -> 0.33786765 | Y87: =ATAN(P87/O87) -> 0.090853961 | AA87: =A87 -> 21 | AB87: =L87 -> 4 | AC87: =$U87 -> 4.2208711 | AD87: 21 | AE87: =AG87 -> 1.116 | AF87: =$U87/AB87 -> 1.0552178 | AG87: =VLOOKUP(AD97,migkas!E$3:H$1002,3,1) -> 1.116 | AH87: =SQRT((AF87-AG87)*(AF87-AG87)) -> 0.060782216 | AI87: =-(AG87-AF87)/AF87 -> -0.057601584 | AJ87: =AA87 -> 21 | AK87: =10^AF87 / AK$46 -> 5.6779006 | AL87: 21 | AM87: =VLOOKUP(AL97,migkas!E$3:H$1002,4,1)-AM$55 -> 0.99310345 | AN87: =AO87/B$27 -> 1.0502085 | AO87: =(1 - exp(-E87/C$61) * (1 + E87/C$61 + E87*E87/C$61/C$61/2)) *B$56 -> 52.510426 | AP87: =SQRT((AM87-AN87)*(AM87-AN87)) -> 0.057105068 | AQ87: =(AN87-AM87)/AN87 -> 0.054374981 | AR87: =AJ87 -> 21 | AS87: =AF267 -> 1.0881176 | AY87: =AR87 -> 21 | AZ87: =AI87 -> -0.057601584 | BA87: =BA$57*SIN(BA$58*AR87+BA$59) -> -0.052037879 | BC87: 21 | BD87: =AQ87 -> 0.054374981 | BE87: =BE$57*SIN(BE$58*AR87+BE$59) -> 0.052037879
A88: 22 | B88: =RADIANS(A88) -> 0.38397244 | C88: =B$28+B$29*COS(B88) -> 15.708735 | D88: =B$29*SIN(B88) -> 1.4984264 | E88: =(C88*C88+D88*D88)^0.5 -> 15.78004 | F88: =B$25*E88 -> 15.78004 | G88: =ATAN(D88/C88) -> 0.095100357 | H88: =F88*COS(G88) -> 15.708735 | I88: =F88*SIN(G88) -> 1.4984264 | J88: =H88-B$32 -> 3.7087354 | K88: =I88 -> 1.4984264 | L88: =SQRT(J88*J88+K88*K88) -> 4 | N88: =-B$26*AO88/(E88*E88) -> -0.37953522 | O88: =N88*COS(G88) -> -0.37782024 | P88: =N88*SIN(G88) -> -0.036039554 | Q88: =O88-B$34 -> 0.24717976 | R88: =P88 -> -0.036039554 | S88: =J88+Q88*B$33 -> 3.9559152 | T88: =R88+K88*B$33 -> 1.4623868 | U88: =SQRT(S88*S88+T88*T88) -> 4.2175633 | W88: =$A88 -> 22 | X88: =ATAN2(S88,T88) -> 0.35409044 | Y88: =ATAN(P88/O88) -> 0.095100357 | AA88: =A88 -> 22 | AB88: =L88 -> 4 | AC88: =$U88 -> 4.2175633 | AD88: 22 | AE88: =AG88 -> 1.114 | AF88: =$U88/AB88 -> 1.0543908 | AG88: =VLOOKUP(AD98,migkas!E$3:H$1002,3,1) -> 1.114 | AH88: =SQRT((AF88-AG88)*(AF88-AG88)) -> 0.059609178 | AI88: =-(AG88-AF88)/AF88 -> -0.056534235 | AJ88: =AA88 -> 22 | AK88: =10^AF88 / AK$46 -> 5.6670993 | AL88: 22 | AM88: =VLOOKUP(AL98,migkas!E$3:H$1002,4,1)-AM$55 -> 0.99517241 | AN88: =AO88/B$27 -> 1.0500881 | AO88: =(1 - exp(-E88/C$61) * (1 + E88/C$61 + E88*E88/C$61/C$61/2)) *B$56 -> 52.504407 | AP88: =SQRT((AM88-AN88)*(AM88-AN88)) -> 0.05491573 | AQ88: =(AN88-AM88)/AN88 -> 0.052296306 | AR88: =AJ88 -> 22 | AS88: =AF268 -> 1.0845725 | AY88: =AR88 -> 22 | AZ88: =AI88 -> -0.056534235 | BA88: =BA$57*SIN(BA$58*AR88+BA$59) -> -0.053311494 | BC88: 22 | BD88: =AQ88 -> 0.052296306 | BE88: =BE$57*SIN(BE$58*AR88+BE$59) -> 0.053311494
A89: 23 | B89: =RADIANS(A89) -> 0.40142573 | C89: =B$28+B$29*COS(B89) -> 15.682019 | D89: =B$29*SIN(B89) -> 1.5629245 | E89: =(C89*C89+D89*D89)^0.5 -> 15.75971 | F89: =B$25*E89 -> 15.75971 | G89: =ATAN(D89/C89) -> 0.099335446 | H89: =F89*COS(G89) -> 15.682019 | I89: =F89*SIN(G89) -> 1.5629245 | J89: =H89-B$32 -> 3.6820194 | K89: =I89 -> 1.5629245 | L89: =SQRT(J89*J89+K89*K89) -> 4 | N89: =-B$26*AO89/(E89*E89) -> -0.38046908 | O89: =N89*COS(G89) -> -0.37859348 | P89: =N89*SIN(G89) -> -0.037731941 | Q89: =O89-B$34 -> 0.24640652 | R89: =P89 -> -0.037731941 | S89: =J89+Q89*B$33 -> 3.9284259 | T89: =R89+K89*B$33 -> 1.5251926 | U89: =SQRT(S89*S89+T89*T89) -> 4.2141123 | W89: =$A89 -> 23 | X89: =ATAN2(S89,T89) -> 0.37033205 | Y89: =ATAN(P89/O89) -> 0.099335446 | AA89: =A89 -> 23 | AB89: =L89 -> 4 | AC89: =$U89 -> 4.2141123 | AD89: 23 | AE89: =AG89 -> 1.114 | AF89: =$U89/AB89 -> 1.0535281 | AG89: =VLOOKUP(AD99,migkas!E$3:H$1002,3,1) -> 1.114 | AH89: =SQRT((AF89-AG89)*(AF89-AG89)) -> 0.060471919 | AI89: =-(AG89-AF89)/AF89 -> -0.057399437 | AJ89: =AA89 -> 23 | AK89: =10^AF89 / AK$46 -> 5.6558526 | AL89: 23 | AM89: =VLOOKUP(AL99,migkas!E$3:H$1002,4,1)-AM$55 -> 0.99517241 | AN89: =AO89/B$27 -> 1.0499614 | AO89: =(1 - exp(-E89/C$61) * (1 + E89/C$61 + E89*E89/C$61/C$61/2)) *B$56 -> 52.498068 | AP89: =SQRT((AM89-AN89)*(AM89-AN89)) -> 0.054788948 | AQ89: =(AN89-AM89)/AN89 -> 0.05218187 | AR89: =AJ89 -> 23 | AS89: =AF269 -> 1.0809443 | AY89: =AR89 -> 23 | AZ89: =AI89 -> -0.057399437 | BA89: =BA$57*SIN(BA$58*AR89+BA$59) -> -0.054568871 | BC89: 23 | BD89: =AQ89 -> 0.05218187 | BE89: =BE$57*SIN(BE$58*AR89+BE$59) -> 0.054568871
A90: 24 | B90: =RADIANS(A90) -> 0.41887902 | C90: =B$28+B$29*COS(B90) -> 15.654182 | D90: =B$29*SIN(B90) -> 1.6269466 | E90: =(C90*C90+D90*D90)^0.5 -> 15.738499 | F90: =B$25*E90 -> 15.738499 | G90: =ATAN(D90/C90) -> 0.10355868 | H90: =F90*COS(G90) -> 15.654182 | I90: =F90*SIN(G90) -> 1.6269466 | J90: =H90-B$32 -> 3.6541818 | K90: =I90 -> 1.6269466 | L90: =SQRT(J90*J90+K90*K90) -> 4 | N90: =-B$26*AO90/(E90*E90) -> -0.38144685 | O90: =N90*COS(G90) -> -0.37940329 | P90: =N90*SIN(G90) -> -0.039431564 | Q90: =O90-B$34 -> 0.24559671 | R90: =P90 -> -0.039431564 | S90: =J90+Q90*B$33 -> 3.8997785 | T90: =R90+K90*B$33 -> 1.587515 | U90: =SQRT(S90*S90+T90*T90) -> 4.2105198 | W90: =$A90 -> 24 | X90: =ATAN2(S90,T90) -> 0.38659338 | Y90: =ATAN(P90/O90) -> 0.10355868 | AA90: =A90 -> 24 | AB90: =L90 -> 4 | AC90: =$U90 -> 4.2105198 | AD90: 24 | AE90: =AG90 -> 1.118 | AF90: =$U90/AB90 -> 1.0526299 | AG90: =VLOOKUP(AD100,migkas!E$3:H$1002,3,1) -> 1.118 | AH90: =SQRT((AF90-AG90)*(AF90-AG90)) -> 0.065370062 | AI90: =-(AG90-AF90)/AF90 -> -0.062101656 | AJ90: =AA90 -> 24 | AK90: =10^AF90 / AK$46 -> 5.6441681 | AL90: 24 | AM90: =VLOOKUP(AL100,migkas!E$3:H$1002,4,1)-AM$55 -> 1.0013793 | AN90: =AO90/B$27 -> 1.0498281 | AO90: =(1 - exp(-E90/C$61) * (1 + E90/C$61 + E90*E90/C$61/C$61/2)) *B$56 -> 52.491403 | AP90: =SQRT((AM90-AN90)*(AM90-AN90)) -> 0.048448743 | AQ90: =(AN90-AM90)/AN90 -> 0.046149218 | AR90: =AJ90 -> 24 | AS90: =AF270 -> 1.077242 | AY90: =AR90 -> 24 | AZ90: =AI90 -> -0.062101656 | BA90: =BA$57*SIN(BA$58*AR90+BA$59) -> -0.055809625 | BC90: 24 | BD90: =AQ90 -> 0.046149218 | BE90: =BE$57*SIN(BE$58*AR90+BE$59) -> 0.055809625
A91: 25 | B91: =RADIANS(A91) -> 0.43633231 | C91: =B$28+B$29*COS(B91) -> 15.625231 | D91: =B$29*SIN(B91) -> 1.690473 | E91: =(C91*C91+D91*D91)^0.5 -> 15.71641 | F91: =B$25*E91 -> 15.71641 | G91: =ATAN(D91/C91) -> 0.10776951 | H91: =F91*COS(G91) -> 15.625231 | I91: =F91*SIN(G91) -> 1.690473 | J91: =H91-B$32 -> 3.6252311 | K91: =I91 -> 1.690473 | L91: =SQRT(J91*J91+K91*K91) -> 4 | N91: =-B$26*AO91/(E91*E91) -> -0.38246885 | O91: =N91*COS(G91) -> -0.38024996 | P91: =N91*SIN(G91) -> -0.041138739 | Q91: =O91-B$34 -> 0.24475004 | R91: =P91 -> -0.041138739 | S91: =J91+Q91*B$33 -> 3.8699812 | T91: =R91+K91*B$33 -> 1.6493343 | U91: =SQRT(S91*S91+T91*T91) -> 4.2067871 | W91: =$A91 -> 25 | X91: =ATAN2(S91,T91) -> 0.40287532 | Y91: =ATAN(P91/O91) -> 0.10776951 | AA91: =A91 -> 25 | AB91: =L91 -> 4 | AC91: =$U91 -> 4.2067871 | AD91: 25 | AE91: =AG91 -> 1.13 | AF91: =$U91/AB91 -> 1.0516968 | AG91: =VLOOKUP(AD101,migkas!E$3:H$1002,3,1) -> 1.13 | AH91: =SQRT((AF91-AG91)*(AF91-AG91)) -> 0.078303214 | AI91: =-(AG91-AF91)/AF91 -> -0.074454172 | AJ91: =AA91 -> 25 | AK91: =10^AF91 / AK$46 -> 5.6320537 | AL91: 25 | AM91: =VLOOKUP(AL101,migkas!E$3:H$1002,4,1)-AM$55 -> 1.0055172 | AN91: =AO91/B$27 -> 1.0496881 | AO91: =(1 - exp(-E91/C$61) * (1 + E91/C$61 + E91*E91/C$61/C$61/2)) *B$56 -> 52.484405 | AP91: =SQRT((AM91-AN91)*(AM91-AN91)) -> 0.044170857 | AQ91: =(AN91-AM91)/AN91 -> 0.042079983 | AR91: =AJ91 -> 25 | AS91: =AF271 -> 1.0734748 | AY91: =AR91 -> 25 | AZ91: =AI91 -> -0.074454172 | BA91: =BA$57*SIN(BA$58*AR91+BA$59) -> -0.05703338 | BC91: 25 | BD91: =AQ91 -> 0.042079983 | BE91: =BE$57*SIN(BE$58*AR91+BE$59) -> 0.05703338
A92: 26 | B92: =RADIANS(A92) -> 0.45378561 | C92: =B$28+B$29*COS(B92) -> 15.595176 | D92: =B$29*SIN(B92) -> 1.7534846 | E92: =(C92*C92+D92*D92)^0.5 -> 15.693445 | F92: =B$25*E92 -> 15.693445 | G92: =ATAN(D92/C92) -> 0.11196737 | H92: =F92*COS(G92) -> 15.595176 | I92: =F92*SIN(G92) -> 1.7534846 | J92: =H92-B$32 -> 3.5951762 | K92: =I92 -> 1.7534846 | L92: =SQRT(J92*J92+K92*K92) -> 4 | N92: =-B$26*AO92/(E92*E92) -> -0.38353541 | O92: =N92*COS(G92) -> -0.38113379 | P92: =N92*SIN(G92) -> -0.042853779 | Q92: =O92-B$34 -> 0.24386621 | R92: =P92 -> -0.042853779 | S92: =J92+Q92*B$33 -> 3.8390424 | T92: =R92+K92*B$33 -> 1.7106308 | U92: =SQRT(S92*S92+T92*T92) -> 4.2029162 | W92: =$A92 -> 26 | X92: =ATAN2(S92,T92) -> 0.41917876 | Y92: =ATAN(P92/O92) -> 0.11196737 | AA92: =A92 -> 26 | AB92: =L92 -> 4 | AC92: =$U92 -> 4.2029162 | AD92: 26 | AE92: =AG92 -> 1.112 | AF92: =$U92/AB92 -> 1.050729 | AG92: =VLOOKUP(AD102,migkas!E$3:H$1002,3,1) -> 1.112 | AH92: =SQRT((AF92-AG92)*(AF92-AG92)) -> 0.061270959 | AI92: =-(AG92-AF92)/AF92 -> -0.058312807 | AJ92: =AA92 -> 26 | AK92: =10^AF92 / AK$46 -> 5.6195177 | AL92: 26 | AM92: =VLOOKUP(AL102,migkas!E$3:H$1002,4,1)-AM$55 -> 1.0096552 | AN92: =AO92/B$27 -> 1.0495414 | AO92: =(1 - exp(-E92/C$61) * (1 + E92/C$61 + E92*E92/C$61/C$61/2)) *B$56 -> 52.477068 | AP92: =SQRT((AM92-AN92)*(AM92-AN92)) -> 0.039886197 | AQ92: =(AN92-AM92)/AN92 -> 0.038003454 | AR92: =AJ92 -> 26 | AS92: =AF272 -> 1.0696518 | AY92: =AR92 -> 26 | AZ92: =AI92 -> -0.058312807 | BA92: =BA$57*SIN(BA$58*AR92+BA$59) -> -0.058239761 | BC92: 26 | BD92: =AQ92 -> 0.038003454 | BE92: =BE$57*SIN(BE$58*AR92+BE$59) -> 0.058239761
... A246: 180 | B246: =RADIANS(A246) -> 3.1415927 | C246: =B$28+B$29*COS(B246) -> 8 | D246: =B$29*SIN(B246) -> 0 | E246: =(C246*C246+D246*D246)^0.5 -> 8 | F246: =B$25*E246 -> 8 | G246: =ATAN(D246/C246) -> 0 | H246: =F246*COS(G246) -> 8 | I246: =F246*SIN(G246) -> 0 | J246: =H246-B$32 -> -4 | K246: =I246 -> 0 | L246: =SQRT(J246*J246+K246*K246) -> 4 | N246: =-B$26*AO246/(E246*E246) -> -1.1421979 | O246: =N246*COS(G246) -> -1.1421979 | P246: =N246*SIN(G246) -> 0 | Q246: =O246-B$34 -> -0.51719786 | R246: =P246 -> 0 | S246: =J246+Q246*B$33 -> -4.5171979 | T246: =R246+K246*B$33 -> 0 | U246: =SQRT(S246*S246+T246*T246) -> 4.5171979 | W246: =$A246 -> 180 | X246: =ATAN2(S246,T246) -> 3.1415927 | Y246: =ATAN(P246/O246) -> 0 | AA246: =A246 -> 180 | AB246: =L246 -> 4 | AC246: =$U246 -> 4.5171979 | AD246: 180 | AE246: =AG246 -> 1.056 | AF246: =$U246/AB246 -> 1.1292995 | AG246: =VLOOKUP(AD256,migkas!E$3:H$1002,3,1) -> 1.056 | AH246: =SQRT((AF246-AG246)*(AF246-AG246)) -> 0.073299466 | AI246: =-(AG246-AF246)/AF246 -> 0.064907022 | AJ246: =AA246 -> 180 | AK246: =10^AF246 / AK$46 -> 6.7339435 | AL246: 180 | AM246: =VLOOKUP(AL256,migkas!E$3:H$1002,4,1)-AM$55 -> 0.88551724 | AN246: =AO246/B$27 -> 0.81222959 | AO246: =(1 - exp(-E246/C$61) * (1 + E246/C$61 + E246*E246/C$61/C$61/2)) *B$56 -> 40.61148 | AP246: =SQRT((AM246-AN246)*(AM246-AN246)) -> 0.07328765 | AQ246: =(AN246-AM246)/AN246 -> -0.090230215 | AR246: =AJ246 -> 180 | AS246: =AF426 -> 1.0638418 | AY246: =AR246 -> 180 | AZ246: =AI246 -> 0.064907022 | BA246: =BA$57*SIN(BA$58*AR246+BA$59) -> 0.022266356 | BC246: 180 | BD246: =AQ246 -> -0.090230215 | BE246: =BE$57*SIN(BE$58*AR246+BE$59) -> -0.022266356
A247: 181 | B247: =RADIANS(A247) -> 3.1590459 | C247: =B$28+B$29*COS(B247) -> 8.0006092 | D247: =B$29*SIN(B247) -> -0.069809626 | E247: =(C247*C247+D247*D247)^0.5 -> 8.0009138 | F247: =B$25*E247 -> 8.0009138 | G247: =ATAN(D247/C247) -> -0.0087253173 | H247: =F247*COS(G247) -> 8.0006092 | I247: =F247*SIN(G247) -> -0.069809626 | J247: =H247-B$32 -> -3.9993908 | K247: =I247 -> -0.069809626 | L247: =SQRT(J247*J247+K247*K247) -> 4 | N247: =-B$26*AO247/(E247*E247) -> -1.1420373 | O247: =N247*COS(G247) -> -1.1419938 | P247: =N247*SIN(G247) -> 0.0099645114 | Q247: =O247-B$34 -> -0.51699383 | R247: =P247 -> 0.0099645114 | S247: =J247+Q247*B$33 -> -4.5163846 | T247: =R247+K247*B$33 -> -0.059845114 | U247: =SQRT(S247*S247+T247*T247) -> 4.5167811 | W247: =$A247 -> 181 | X247: =ATAN2(S247,T247) -> -3.1283428 | Y247: =ATAN(P247/O247) -> -0.0087253173 | AA247: =A247 -> 181 | AB247: =L247 -> 4 | AC247: =$U247 -> 4.5167811 | AD247: 181 | AE247: =AG247 -> 1.086 | AF247: =$U247/AB247 -> 1.1291953 | AG247: =VLOOKUP(AD257,migkas!E$3:H$1002,3,1) -> 1.086 | AH247: =SQRT((AF247-AG247)*(AF247-AG247)) -> 0.043195273 | AI247: =-(AG247-AF247)/AF247 -> 0.038253147 | AJ247: =AA247 -> 181 | AK247: =10^AF247 / AK$46 -> 6.7323282 | AL247: 181 | AM247: =VLOOKUP(AL257,migkas!E$3:H$1002,4,1)-AM$55 -> 0.88551724 | AN247: =AO247/B$27 -> 0.81230095 | AO247: =(1 - exp(-E247/C$61) * (1 + E247/C$61 + E247*E247/C$61/C$61/2)) *B$56 -> 40.615048 | AP247: =SQRT((AM247-AN247)*(AM247-AN247)) -> 0.07321629 | AQ247: =(AN247-AM247)/AN247 -> -0.090134439 | AR247: =AJ247 -> 181 | AS247: =AF67 -> 1.0638219 | AY247: =AR247 -> 181 | AZ247: =AI247 -> 0.038253147 | BA247: =BA$57*SIN(BA$58*AR247+BA$59) -> 0.023784852 | BC247: 181 | BD247: =AQ247 -> -0.090134439 | BE247: =BE$57*SIN(BE$58*AR247+BE$59) -> -0.023784852
A248: 182 | B248: =RADIANS(A248) -> 3.1764992 | C248: =B$28+B$29*COS(B248) -> 8.0024367 | D248: =B$29*SIN(B248) -> -0.13959799 | E248: =(C248*C248+D248*D248)^0.5 -> 8.0036542 | F248: =B$25*E248 -> 8.0036542 | G248: =ATAN(D248/C248) -> -0.017442666 | H248: =F248*COS(G248) -> 8.0024367 | I248: =F248*SIN(G248) -> -0.13959799 | J248: =H248-B$32 -> -3.9975633 | K248: =I248 -> -0.13959799 | L248: =SQRT(J248*J248+K248*K248) -> 4 | N248: =-B$26*AO248/(E248*E248) -> -1.1415559 | O248: =N248*COS(G248) -> -1.1413823 | P248: =N248*SIN(G248) -> 0.019910769 | Q248: =O248-B$34 -> -0.51638227 | R248: =P248 -> 0.019910769 | S248: =J248+Q248*B$33 -> -4.5139456 | T248: =R248+K248*B$33 -> -0.11968722 | U248: =SQRT(S248*S248+T248*T248) -> 4.515532 | W248: =$A248 -> 182 | X248: =ATAN2(S248,T248) -> -3.1150839 | Y248: =ATAN(P248/O248) -> -0.017442666 | AA248: =A248 -> 182 | AB248: =L248 -> 4 | AC248: =$U248 -> 4.515532 | AD248: 182 | AE248: =AG248 -> 1.104 | AF248: =$U248/AB248 -> 1.128883 | AG248: =VLOOKUP(AD258,migkas!E$3:H$1002,3,1) -> 1.104 | AH248: =SQRT((AF248-AG248)*(AF248-AG248)) -> 0.024883012 | AI248: =-(AG248-AF248)/AF248 -> 0.022042153 | AJ248: =AA248 -> 182 | AK248: =10^AF248 / AK$46 -> 6.7274893 | AL248: 182 | AM248: =VLOOKUP(AL258,migkas!E$3:H$1002,4,1)-AM$55 -> 0.88758621 | AN248: =AO248/B$27 -> 0.81251486 | AO248: =(1 - exp(-E248/C$61) * (1 + E248/C$61 + E248*E248/C$61/C$61/2)) *B$56 -> 40.625743 | AP248: =SQRT((AM248-AN248)*(AM248-AN248)) -> 0.075071344 | AQ248: =(AN248-AM248)/AN248 -> -0.09239381 | AR248: =AJ248 -> 182 | AS248: =AF68 -> 1.0637624 | AY248: =AR248 -> 182 | AZ248: =AI248 -> 0.022042153 | BA248: =BA$57*SIN(BA$58*AR248+BA$59) -> 0.025296102 | BC248: 182 | BD248: =AQ248 -> -0.09239381 | BE248: =BE$57*SIN(BE$58*AR248+BE$59) -> -0.025296102
A249: 183 | B249: =RADIANS(A249) -> 3.1939525 | C249: =B$28+B$29*COS(B249) -> 8.0054819 | D249: =B$29*SIN(B249) -> -0.20934383 | E249: =(C249*C249+D249*D249)^0.5 -> 8.0082186 | F249: =B$25*E249 -> 8.0082186 | G249: =ATAN(D249/C249) -> -0.026144101 | H249: =F249*COS(G249) -> 8.0054819 | I249: =F249*SIN(G249) -> -0.20934383 | J249: =H249-B$32 -> -3.9945181 | K249: =I249 -> -0.20934383 | L249: =SQRT(J249*J249+K249*K249) -> 4 | N249: =-B$26*AO249/(E249*E249) -> -1.1407545 | O249: =N249*COS(G249) -> -1.1403647 | P249: =N249*SIN(G249) -> 0.029820605 | Q249: =O249-B$34 -> -0.51536471 | R249: =P249 -> 0.029820605 | S249: =J249+Q249*B$33 -> -4.5098828 | T249: =R249+K249*B$33 -> -0.17952322 | U249: =SQRT(S249*S249+T249*T249) -> 4.5134545 | W249: =$A249 -> 183 | X249: =ATAN2(S249,T249) -> -3.101807 | Y249: =ATAN(P249/O249) -> -0.026144101 | AA249: =A249 -> 183 | AB249: =L249 -> 4 | AC249: =$U249 -> 4.5134545 | AD249: 183 | AE249: =AG249 -> 1.104 | AF249: =$U249/AB249 -> 1.1283636 | AG249: =VLOOKUP(AD259,migkas!E$3:H$1002,3,1) -> 1.104 | AH249: =SQRT((AF249-AG249)*(AF249-AG249)) -> 0.024363635 | AI249: =-(AG249-AF249)/AF249 -> 0.021592007 | AJ249: =AA249 -> 183 | AK249: =10^AF249 / AK$46 -> 6.7194487 | AL249: 183 | AM249: =VLOOKUP(AL259,migkas!E$3:H$1002,4,1)-AM$55 -> 0.88758621 | AN249: =AO249/B$27 -> 0.81287082 | AO249: =(1 - exp(-E249/C$61) * (1 + E249/C$61 + E249*E249/C$61/C$61/2)) *B$56 -> 40.643541 | AP249: =SQRT((AM249-AN249)*(AM249-AN249)) -> 0.074715384 | AQ249: =(AN249-AM249)/AN249 -> -0.091915446 | AR249: =AJ249 -> 183 | AS249: =AF69 -> 1.0636632 | AY249: =AR249 -> 183 | AZ249: =AI249 -> 0.021592007 | BA249: =BA$57*SIN(BA$58*AR249+BA$59) -> 0.026799647 | BC249: 183 | BD249: =AQ249 -> -0.091915446 | BE249: =BE$57*SIN(BE$58*AR249+BE$59) -> -0.026799647
A250: 184 | B250: =RADIANS(A250) -> 3.2114058 | C250: =B$28+B$29*COS(B250) -> 8.0097438 | D250: =B$29*SIN(B250) -> -0.2790259 | E250: =(C250*C250+D250*D250)^0.5 -> 8.0146024 | F250: =B$25*E250 -> 8.0146024 | G250: =ATAN(D250/C250) -> -0.034821727 | H250: =F250*COS(G250) -> 8.0097438 | I250: =F250*SIN(G250) -> -0.2790259 | J250: =H250-B$32 -> -3.9902562 | K250: =I250 -> -0.2790259 | L250: =SQRT(J250*J250+K250*K250) -> 4 | N250: =-B$26*AO250/(E250*E250) -> -1.1396346 | O250: =N250*COS(G250) -> -1.1389437 | P250: =N250*SIN(G250) -> 0.039676025 | Q250: =O250-B$34 -> -0.51394374 | R250: =P250 -> 0.039676025 | S250: =J250+Q250*B$33 -> -4.5041999 | T250: =R250+K250*B$33 -> -0.23934987 | U250: =SQRT(S250*S250+T250*T250) -> 4.5105549 | W250: =$A250 -> 184 | X250: =ATAN2(S250,T250) -> -3.0885033 | Y250: =ATAN(P250/O250) -> -0.034821727 | AA250: =A250 -> 184 | AB250: =L250 -> 4 | AC250: =$U250 -> 4.5105549 | AD250: 184 | AE250: =AG250 -> 1.096 | AF250: =$U250/AB250 -> 1.1276387 | AG250: =VLOOKUP(AD260,migkas!E$3:H$1002,3,1) -> 1.096 | AH250: =SQRT((AF250-AG250)*(AF250-AG250)) -> 0.031638723 | AI250: =-(AG250-AF250)/AF250 -> 0.0280575 | AJ250: =AA250 -> 184 | AK250: =10^AF250 / AK$46 -> 6.7082421 | AL250: 184 | AM250: =VLOOKUP(AL260,migkas!E$3:H$1002,4,1)-AM$55 -> 0.88758621 | AN250: =AO250/B$27 -> 0.81336799 | AO250: =(1 - exp(-E250/C$61) * (1 + E250/C$61 + E250*E250/C$61/C$61/2)) *B$56 -> 40.6684 | AP250: =SQRT((AM250-AN250)*(AM250-AN250)) -> 0.074218215 | AQ250: =(AN250-AM250)/AN250 -> -0.091248015 | AR250: =AJ250 -> 184 | AS250: =AF70 -> 1.0635244 | AY250: =AR250 -> 184 | AZ250: =AI250 -> 0.0280575 | BA250: =BA$57*SIN(BA$58*AR250+BA$59) -> 0.028295029 | BC250: 184 | BD250: =AQ250 -> -0.091248015 | BE250: =BE$57*SIN(BE$58*AR250+BE$59) -> -0.028295029
A251: 185 | B251: =RADIANS(A251) -> 3.2288591 | C251: =B$28+B$29*COS(B251) -> 8.0152212 | D251: =B$29*SIN(B251) -> -0.34862297 | E251: =(C251*C251+D251*D251)^0.5 -> 8.0227993 | F251: =B$25*E251 -> 8.0227993 | G251: =ATAN(D251/C251) -> -0.043467718 | H251: =F251*COS(G251) -> 8.0152212 | I251: =F251*SIN(G251) -> -0.34862297 | J251: =H251-B$32 -> -3.9847788 | K251: =I251 -> -0.34862297 | L251: =SQRT(J251*J251+K251*K251) -> 4 | N251: =-B$26*AO251/(E251*E251) -> -1.138198 | O251: =N251*COS(G251) -> -1.1371229 | P251: =N251*SIN(G251) -> 0.049459293 | Q251: =O251-B$34 -> -0.51212293 | R251: =P251 -> 0.049459293 | S251: =J251+Q251*B$33 -> -4.4969017 | T251: =R251+K251*B$33 -> -0.29916368 | U251: =SQRT(S251*S251+T251*T251) -> 4.5068419 | W251: =$A251 -> 185 | X251: =ATAN2(S251,T251) -> -3.0751639 | Y251: =ATAN(P251/O251) -> -0.043467718 | AA251: =A251 -> 185 | AB251: =L251 -> 4 | AC251: =$U251 -> 4.5068419 | AD251: 185 | AE251: =AG251 -> 1.094 | AF251: =$U251/AB251 -> 1.1267105 | AG251: =VLOOKUP(AD261,migkas!E$3:H$1002,3,1) -> 1.094 | AH251: =SQRT((AF251-AG251)*(AF251-AG251)) -> 0.032710477 | AI251: =-(AG251-AF251)/AF251 -> 0.029031839 | AJ251: =AA251 -> 185 | AK251: =10^AF251 / AK$46 -> 6.6939194 | AL251: 185 | AM251: =VLOOKUP(AL261,migkas!E$3:H$1002,4,1)-AM$55 -> 0.8937931 | AN251: =AO251/B$27 -> 0.8140052 | AO251: =(1 - exp(-E251/C$61) * (1 + E251/C$61 + E251*E251/C$61/C$61/2)) *B$56 -> 40.70026 | AP251: =SQRT((AM251-AN251)*(AM251-AN251)) -> 0.079787899 | AQ251: =(AN251-AM251)/AN251 -> -0.098018905 | AR251: =AJ251 -> 185 | AS251: =AF71 -> 1.063346 | AY251: =AR251 -> 185 | AZ251: =AI251 -> 0.029031839 | BA251: =BA$57*SIN(BA$58*AR251+BA$59) -> 0.029781791 | BC251: 185 | BD251: =AQ251 -> -0.098018905 | BE251: =BE$57*SIN(BE$58*AR251+BE$59) -> -0.029781791
A252: 186 | B252: =RADIANS(A252) -> 3.2463124 | C252: =B$28+B$29*COS(B252) -> 8.0219124 | D252: =B$29*SIN(B252) -> -0.41811385 | E252: =(C252*C252+D252*D252)^0.5 -> 8.0328014 | F252: =B$25*E252 -> 8.0328014 | G252: =ATAN(D252/C252) -> -0.052074346 | H252: =F252*COS(G252) -> 8.0219124 | I252: =F252*SIN(G252) -> -0.41811385 | J252: =H252-B$32 -> -3.9780876 | K252: =I252 -> -0.41811385 | L252: =SQRT(J252*J252+K252*K252) -> 4 | N252: =-B$26*AO252/(E252*E252) -> -1.1364474 | O252: =N252*COS(G252) -> -1.1349068 | P252: =N252*SIN(G252) -> 0.059153011 | Q252: =O252-B$34 -> -0.50990685 | R252: =P252 -> 0.059153011 | S252: =J252+Q252*B$33 -> -4.4879944 | T252: =R252+K252*B$33 -> -0.35896084 | U252: =SQRT(S252*S252+T252*T252) -> 4.5023268 | W252: =$A252 -> 186 | X252: =ATAN2(S252,T252) -> -3.0617801 | Y252: =ATAN(P252/O252) -> -0.052074346 | AA252: =A252 -> 186 | AB252: =L252 -> 4 | AC252: =$U252 -> 4.5023268 | AD252: 186 | AE252: =AG252 -> 1.094 | AF252: =$U252/AB252 -> 1.1255817 | AG252: =VLOOKUP(AD262,migkas!E$3:H$1002,3,1) -> 1.094 | AH252: =SQRT((AF252-AG252)*(AF252-AG252)) -> 0.031581708 | AI252: =-(AG252-AF252)/AF252 -> 0.028058121 | AJ252: =AA252 -> 186 | AK252: =10^AF252 / AK$46 -> 6.6765439 | AL252: 186 | AM252: =VLOOKUP(AL262,migkas!E$3:H$1002,4,1)-AM$55 -> 0.91862069 | AN252: =AO252/B$27 -> 0.81478097 | AO252: =(1 - exp(-E252/C$61) * (1 + E252/C$61 + E252*E252/C$61/C$61/2)) *B$56 -> 40.739049 | AP252: =SQRT((AM252-AN252)*(AM252-AN252)) -> 0.10383972 | AQ252: =(AN252-AM252)/AN252 -> -0.12744495 | AR252: =AJ252 -> 186 | AS252: =AF72 -> 1.0631281 | AY252: =AR252 -> 186 | AZ252: =AI252 -> 0.028058121 | BA252: =BA$57*SIN(BA$58*AR252+BA$59) -> 0.031259482 | BC252: 186 | BD252: =AQ252 -> -0.12744495 | BE252: =BE$57*SIN(BE$58*AR252+BE$59) -> -0.031259482
A253: 187 | B253: =RADIANS(A253) -> 3.2637657 | C253: =B$28+B$29*COS(B253) -> 8.0298154 | D253: =B$29*SIN(B253) -> -0.48747737 | E253: =(C253*C253+D253*D253)^0.5 -> 8.0445988 | F253: =B$25*E253 -> 8.0445988 | G253: =ATAN(D253/C253) -> -0.060634 | H253: =F253*COS(G253) -> 8.0298154 | I253: =F253*SIN(G253) -> -0.48747737 | J253: =H253-B$32 -> -3.9701846 | K253: =I253 -> -0.48747737 | L253: =SQRT(J253*J253+K253*K253) -> 4 | N253: =-B$26*AO253/(E253*E253) -> -1.1343857 | O253: =N253*COS(G253) -> -1.132301 | P253: =N253*SIN(G253) -> 0.068740201 | Q253: =O253-B$34 -> -0.50730102 | R253: =P253 -> 0.068740201 | S253: =J253+Q253*B$33 -> -4.4774856 | T253: =R253+K253*B$33 -> -0.41873717 | U253: =SQRT(S253*S253+T253*T253) -> 4.4970233 | W253: =$A253 -> 187 | X253: =ATAN2(S253,T253) -> -3.0483433 | Y253: =ATAN(P253/O253) -> -0.060634 | AA253: =A253 -> 187 | AB253: =L253 -> 4 | AC253: =$U253 -> 4.4970233 | AD253: 187 | AE253: =AG253 -> 1.11 | AF253: =$U253/AB253 -> 1.1242558 | AG253: =VLOOKUP(AD263,migkas!E$3:H$1002,3,1) -> 1.11 | AH253: =SQRT((AF253-AG253)*(AF253-AG253)) -> 0.014255819 | AI253: =-(AG253-AF253)/AF253 -> 0.012680227 | AJ253: =AA253 -> 187 | AK253: =10^AF253 / AK$46 -> 6.6561917 | AL253: 187 | AM253: =VLOOKUP(AL263,migkas!E$3:H$1002,4,1)-AM$55 -> 0.90206897 | AN253: =AO253/B$27 -> 0.81569348 | AO253: =(1 - exp(-E253/C$61) * (1 + E253/C$61 + E253*E253/C$61/C$61/2)) *B$56 -> 40.784674 | AP253: =SQRT((AM253-AN253)*(AM253-AN253)) -> 0.086375483 | AQ253: =(AN253-AM253)/AN253 -> -0.10589208 | AR253: =AJ253 -> 187 | AS253: =AF73 -> 1.0628709 | AY253: =AR253 -> 187 | AZ253: =AI253 -> 0.012680227 | BA253: =BA$57*SIN(BA$58*AR253+BA$59) -> 0.032727651 | BC253: 187 | BD253: =AQ253 -> -0.10589208 | BE253: =BE$57*SIN(BE$58*AR253+BE$59) -> -0.032727651
A254: 188 | B254: =RADIANS(A254) -> 3.281219 | C254: =B$28+B$29*COS(B254) -> 8.0389277 | D254: =B$29*SIN(B254) -> -0.5566924 | E254: =(C254*C254+D254*D254)^0.5 -> 8.05818 | F254: =B$25*E254 -> 8.05818 | G254: =ATAN(D254/C254) -> -0.069139206 | H254: =F254*COS(G254) -> 8.0389277 | I254: =F254*SIN(G254) -> -0.5566924 | J254: =H254-B$32 -> -3.9610723 | K254: =I254 -> -0.5566924 | L254: =SQRT(J254*J254+K254*K254) -> 4 | N254: =-B$26*AO254/(E254*E254) -> -1.1320165 | O254: =N254*COS(G254) -> -1.1293119 | P254: =N254*SIN(G254) -> 0.078204378 | Q254: =O254-B$34 -> -0.50431188 | R254: =P254 -> 0.078204378 | S254: =J254+Q254*B$33 -> -4.4653842 | T254: =R254+K254*B$33 -> -0.47848803 | U254: =SQRT(S254*S254+T254*T254) -> 4.4909472 | W254: =$A254 -> 188 | X254: =ATAN2(S254,T254) -> -3.034845 | Y254: =ATAN(P254/O254) -> -0.069139206 | AA254: =A254 -> 188 | AB254: =L254 -> 4 | AC254: =$U254 -> 4.4909472 | AD254: 188 | AE254: =AG254 -> 1.12 | AF254: =$U254/AB254 -> 1.1227368 | AG254: =VLOOKUP(AD264,migkas!E$3:H$1002,3,1) -> 1.12 | AH254: =SQRT((AF254-AG254)*(AF254-AG254)) -> 0.0027367912 | AI254: =-(AG254-AF254)/AF254 -> 0.0024376071 | AJ254: =AA254 -> 188 | AK254: =10^AF254 / AK$46 -> 6.6329511 | AL254: 188 | AM254: =VLOOKUP(AL264,migkas!E$3:H$1002,4,1)-AM$55 -> 0.90827586 | AN254: =AO254/B$27 -> 0.81674063 | AO254: =(1 - exp(-E254/C$61) * (1 + E254/C$61 + E254*E254/C$61/C$61/2)) *B$56 -> 40.837031 | AP254: =SQRT((AM254-AN254)*(AM254-AN254)) -> 0.091535232 | AQ254: =(AN254-AM254)/AN254 -> -0.11207381 | AR254: =AJ254 -> 188 | AS254: =AF74 -> 1.0625743 | AY254: =AR254 -> 188 | AZ254: =AI254 -> 0.0024376071 | BA254: =BA$57*SIN(BA$58*AR254+BA$59) -> 0.034185851 | BC254: 188 | BD254: =AQ254 -> -0.11207381 | BE254: =BE$57*SIN(BE$58*AR254+BE$59) -> -0.034185851
A255: 189 | B255: =RADIANS(A255) -> 3.2986723 | C255: =B$28+B$29*COS(B255) -> 8.0492466 | D255: =B$29*SIN(B255) -> -0.62573786 | E255: =(C255*C255+D255*D255)^0.5 -> 8.073532 | F255: =B$25*E255 -> 8.073532 | G255: =ATAN(D255/C255) -> -0.077582652 | H255: =F255*COS(G255) -> 8.0492466 | I255: =F255*SIN(G255) -> -0.62573786 | J255: =H255-B$32 -> -3.9507534 | K255: =I255 -> -0.62573786 | L255: =SQRT(J255*J255+K255*K255) -> 4 | N255: =-B$26*AO255/(E255*E255) -> -1.1293439 | O255: =N255*COS(G255) -> -1.1259468 | P255: =N255*SIN(G255) -> 0.087529622 | Q255: =O255-B$34 -> -0.50094676 | R255: =P255 -> 0.087529622 | S255: =J255+Q255*B$33 -> -4.4517001 | T255: =R255+K255*B$33 -> -0.53820824 | U255: =SQRT(S255*S255+T255*T255) -> 4.4841166 | W255: =$A255 -> 189 | X255: =ATAN2(S255,T255) -> -3.0212771 | Y255: =ATAN(P255/O255) -> -0.077582652 | AA255: =A255 -> 189 | AB255: =L255 -> 4 | AC255: =$U255 -> 4.4841166 | AD255: 189 | AE255: =AG255 -> 1.08 | AF255: =$U255/AB255 -> 1.1210292 | AG255: =VLOOKUP(AD265,migkas!E$3:H$1002,3,1) -> 1.08 | AH255: =SQRT((AF255-AG255)*(AF255-AG255)) -> 0.041029161 | AI255: =-(AG255-AF255)/AF255 -> 0.036599549 | AJ255: =AA255 -> 189 | AK255: =10^AF255 / AK$46 -> 6.6069218 | AL255: 189 | AM255: =VLOOKUP(AL265,migkas!E$3:H$1002,4,1)-AM$55 -> 0.91241379 | AN255: =AO255/B$27 -> 0.81792 | AO255: =(1 - exp(-E255/C$61) * (1 + E255/C$61 + E255*E255/C$61/C$61/2)) *B$56 -> 40.896 | AP255: =SQRT((AM255-AN255)*(AM255-AN255)) -> 0.094493793 | AQ255: =(AN255-AM255)/AN255 -> -0.11552938 | AR255: =AJ255 -> 189 | AS255: =AF75 -> 1.0622385 | AY255: =AR255 -> 189 | AZ255: =AI255 -> 0.036599549 | BA255: =BA$57*SIN(BA$58*AR255+BA$59) -> 0.035633637 | BC255: 189 | BD255: =AQ255 -> -0.11552938 | BE255: =BE$57*SIN(BE$58*AR255+BE$59) -> -0.035633637
A256: 190 | B256: =RADIANS(A256) -> 3.3161256 | C256: =B$28+B$29*COS(B256) -> 8.060769 | D256: =B$29*SIN(B256) -> -0.69459271 | E256: =(C256*C256+D256*D256)^0.5 -> 8.09064 | F256: =B$25*E256 -> 8.09064 | G256: =ATAN(D256/C256) -> -0.085957205 | H256: =F256*COS(G256) -> 8.060769 | I256: =F256*SIN(G256) -> -0.69459271 | J256: =H256-B$32 -> -3.939231 | K256: =I256 -> -0.69459271 | L256: =SQRT(J256*J256+K256*K256) -> 4 | N256: =-B$26*AO256/(E256*E256) -> -1.1263724 | O256: =N256*COS(G256) -> -1.1222138 | P256: =N256*SIN(G256) -> 0.096700643 | Q256: =O256-B$34 -> -0.49721383 | R256: =P256 -> 0.096700643 | S256: =J256+Q256*B$33 -> -4.4364448 | T256: =R256+K256*B$33 -> -0.59789207 | U256: =SQRT(S256*S256+T256*T256) -> 4.476552 | W256: =$A256 -> 190 | X256: =ATAN2(S256,T256) -> -3.0076315 | Y256: =ATAN(P256/O256) -> -0.085957205 | AA256: =A256 -> 190 | AB256: =L256 -> 4 | AC256: =$U256 -> 4.476552 | AD256: 190 | AE256: =AG256 -> 1.11 | AF256: =$U256/AB256 -> 1.119138 | AG256: =VLOOKUP(AD266,migkas!E$3:H$1002,3,1) -> 1.11 | AH256: =SQRT((AF256-AG256)*(AF256-AG256)) -> 0.0091379978 | AI256: =-(AG256-AF256)/AF256 -> 0.008165211 | AJ256: =AA256 -> 190 | AK256: =10^AF256 / AK$46 -> 6.5782141 | AL256: 190 | AM256: =VLOOKUP(AL266,migkas!E$3:H$1002,4,1)-AM$55 -> 0.91448276 | AN256: =AO256/B$27 -> 0.8192289 | AO256: =(1 - exp(-E256/C$61) * (1 + E256/C$61 + E256*E256/C$61/C$61/2)) *B$56 -> 40.961445 | AP256: =SQRT((AM256-AN256)*(AM256-AN256)) -> 0.09525386 | AQ256: =(AN256-AM256)/AN256 -> -0.11627258 | AR256: =AJ256 -> 190 | AS256: =AF76 -> 1.0618636 | AY256: =AR256 -> 190 | AZ256: =AI256 -> 0.008165211 | BA256: =BA$57*SIN(BA$58*AR256+BA$59) -> 0.037070569 | BC256: 190 | BD256: =AQ256 -> -0.11627258 | BE256: =BE$57*SIN(BE$58*AR256+BE$59) -> -0.037070569
A257: 191 | B257: =RADIANS(A257) -> 3.3335789 | C257: =B$28+B$29*COS(B257) -> 8.0734913 | D257: =B$29*SIN(B257) -> -0.76323598 | E257: =(C257*C257+D257*D257)^0.5 -> 8.1094877 | F257: =B$25*E257 -> 8.1094877 | G257: =ATAN(D257/C257) -> -0.094255927 | H257: =F257*COS(G257) -> 8.0734913 | I257: =F257*SIN(G257) -> -0.76323598 | J257: =H257-B$32 -> -3.9265087 | K257: =I257 -> -0.76323598 | L257: =SQRT(J257*J257+K257*K257) -> 4 | N257: =-B$26*AO257/(E257*E257) -> -1.1231073 | O257: =N257*COS(G257) -> -1.118122 | P257: =N257*SIN(G257) -> 0.10570284 | Q257: =O257-B$34 -> -0.49312204 | R257: =P257 -> 0.10570284 | S257: =J257+Q257*B$33 -> -4.4196308 | T257: =R257+K257*B$33 -> -0.65753314 | U257: =SQRT(S257*S257+T257*T257) -> 4.4682755 | W257: =$A257 -> 191 | X257: =ATAN2(S257,T257) -> -2.9939004 | Y257: =ATAN(P257/O257) -> -0.094255927 | AA257: =A257 -> 191 | AB257: =L257 -> 4 | AC257: =$U257 -> 4.4682755 | AD257: 191 | AE257: =AG257 -> 1.11 | AF257: =$U257/AB257 -> 1.1170689 | AG257: =VLOOKUP(AD267,migkas!E$3:H$1002,3,1) -> 1.11 | AH257: =SQRT((AF257-AG257)*(AF257-AG257)) -> 0.0070688759 | AI257: =-(AG257-AF257)/AF257 -> 0.0063280573 | AJ257: =AA257 -> 191 | AK257: =10^AF257 / AK$46 -> 6.5469478 | AL257: 191 | AM257: =VLOOKUP(AL267,migkas!E$3:H$1002,4,1)-AM$55 -> 0.91448276 | AN257: =AO257/B$27 -> 0.82066436 | AO257: =(1 - exp(-E257/C$61) * (1 + E257/C$61 + E257*E257/C$61/C$61/2)) *B$56 -> 41.033218 | AP257: =SQRT((AM257-AN257)*(AM257-AN257)) -> 0.093818401 | AQ257: =(AN257-AM257)/AN257 -> -0.11432006 | AR257: =AJ257 -> 191 | AS257: =AF77 -> 1.0614499 | AY257: =AR257 -> 191 | AZ257: =AI257 -> 0.0063280573 | BA257: =BA$57*SIN(BA$58*AR257+BA$59) -> 0.038496209 | BC257: 191 | BD257: =AQ257 -> -0.11432006 | BE257: =BE$57*SIN(BE$58*AR257+BE$59) -> -0.038496209
A258: 192 | B258: =RADIANS(A258) -> 3.3510322 | C258: =B$28+B$29*COS(B258) -> 8.0874096 | D258: =B$29*SIN(B258) -> -0.83164676 | E258: =(C258*C258+D258*D258)^0.5 -> 8.1300572 | F258: =B$25*E258 -> 8.1300572 | G258: =ATAN(D258/C258) -> -0.1024721 | H258: =F258*COS(G258) -> 8.0874096 | I258: =F258*SIN(G258) -> -0.83164676 | J258: =H258-B$32 -> -3.9125904 | K258: =I258 -> -0.83164676 | L258: =SQRT(J258*J258+K258*K258) -> 4 | N258: =-B$26*AO258/(E258*E258) -> -1.1195539 | O258: =N258*COS(G258) -> -1.1136811 | P258: =N258*SIN(G258) -> 0.11452236 | Q258: =O258-B$34 -> -0.48868109 | R258: =P258 -> 0.11452236 | S258: =J258+Q258*B$33 -> -4.4012715 | T258: =R258+K258*B$33 -> -0.7171244 | U258: =SQRT(S258*S258+T258*T258) -> 4.4593114 | W258: =$A258 -> 192 | X258: =ATAN2(S258,T258) -> -2.9800763 | Y258: =ATAN(P258/O258) -> -0.1024721 | AA258: =A258 -> 192 | AB258: =L258 -> 4 | AC258: =$U258 -> 4.4593114 | AD258: 192 | AE258: =AG258 -> 1.078 | AF258: =$U258/AB258 -> 1.1148278 | AG258: =VLOOKUP(AD268,migkas!E$3:H$1002,3,1) -> 1.078 | AH258: =SQRT((AF258-AG258)*(AF258-AG258)) -> 0.036827849 | AI258: =-(AG258-AF258)/AF258 -> 0.033034562 | AJ258: =AA258 -> 192 | AK258: =10^AF258 / AK$46 -> 6.5132516 | AL258: 192 | AM258: =VLOOKUP(AL268,migkas!E$3:H$1002,4,1)-AM$55 -> 0.93310345 | AN258: =AO258/B$27 -> 0.82222315 | AO258: =(1 - exp(-E258/C$61) * (1 + E258/C$61 + E258*E258/C$61/C$61/2)) *B$56 -> 41.111158 | AP258: =SQRT((AM258-AN258)*(AM258-AN258)) -> 0.11088029 | AQ258: =(AN258-AM258)/AN258 -> -0.13485426 | AR258: =AJ258 -> 192 | AS258: =AF78 -> 1.0609974 | AY258: =AR258 -> 192 | AZ258: =AI258 -> 0.033034562 | BA258: =BA$57*SIN(BA$58*AR258+BA$59) -> 0.039910123 | BC258: 192 | BD258: =AQ258 -> -0.13485426 | BE258: =BE$57*SIN(BE$58*AR258+BE$59) -> -0.039910123
... A416: 350 | B416: =RADIANS(A416) -> 6.1086524 | C416: =B$28+B$29*COS(B416) -> 15.939231 | D416: =B$29*SIN(B416) -> -0.69459271 | E416: =(C416*C416+D416*D416)^0.5 -> 15.954358 | F416: =B$25*E416 -> 15.954358 | G416: =ATAN(D416/C416) -> -0.043550001 | H416: =F416*COS(G416) -> 15.939231 | I416: =F416*SIN(G416) -> -0.69459271 | J416: =H416-B$32 -> 3.939231 | K416: =I416 -> -0.69459271 | L416: =SQRT(J416*J416+K416*K416) -> 4 | N416: =-B$26*AO416/(E416*E416) -> -0.37165759 | O416: =N416*COS(G416) -> -0.3713052 | P416: =N416*SIN(G416) -> 0.016180573 | Q416: =O416-B$34 -> 0.2536948 | R416: =P416 -> 0.016180573 | S416: =J416+Q416*B$33 -> 4.1929258 | T416: =R416+K416*B$33 -> -0.67841214 | U416: =SQRT(S416*S416+T416*T416) -> 4.2474545 | W416: =$A416 -> 350 | X416: =ATAN2(S416,T416) -> -0.16040908 | Y416: =ATAN(P416/O416) -> -0.043550001 | AA416: =A416 -> 350 | AB416: =L416 -> 4 | AC416: =$U416 -> 4.2474545 | AD416: 350 | AE416: =AG416 -> 1.088 | AF416: =$U416/AB416 -> 1.0618636 | AG416: =VLOOKUP(AD426,migkas!E$3:H$1002,3,1) -> 1.088 | AH416: =SQRT((AF416-AG416)*(AF416-AG416)) -> 0.02613637 | AI416: =-(AG416-AF416)/AF416 -> -0.024613679 | AJ416: =AA416 -> 350 | AK416: =10^AF416 / AK$46 -> 5.7654556 | AL416: 350 | AM416: =VLOOKUP(AL426,migkas!E$3:H$1002,4,1)-AM$55 -> 1.0489655 | AN416: =AO416/B$27 -> 1.0511366 | AO416: =(1 - exp(-E416/C$61) * (1 + E416/C$61 + E416*E416/C$61/C$61/2)) *B$56 -> 52.556831 | AP416: =SQRT((AM416-AN416)*(AM416-AN416)) -> 0.0021711093 | AQ416: =(AN416-AM416)/AN416 -> 0.0020654873 | AR416: =AJ416 -> 350 | AS416: =AF236 -> 1.119138 | AY416: =AR416 -> 350 | AZ416: =AI416 -> -0.024613679 | BA416: =BA$57*SIN(BA$58*AR416+BA$59) -> -0.0067855915 | BC416: 350 | BD416: =AQ416 -> 0.0020654873 | BE416: =BE$57*SIN(BE$58*AR416+BE$59) -> 0.0067855915
A417: 351 | B417: =RADIANS(A417) -> 6.1261057 | C417: =B$28+B$29*COS(B417) -> 15.950753 | D417: =B$29*SIN(B417) -> -0.62573786 | E417: =(C417*C417+D417*D417)^0.5 -> 15.963022 | F417: =B$25*E417 -> 15.963022 | G417: =ATAN(D417/C417) -> -0.039209256 | H417: =F417*COS(G417) -> 15.950753 | I417: =F417*SIN(G417) -> -0.62573786 | J417: =H417-B$32 -> 3.9507534 | K417: =I417 -> -0.62573786 | L417: =SQRT(J417*J417+K417*K417) -> 4 | N417: =-B$26*AO417/(E417*E417) -> -0.37127204 | O417: =N417*COS(G417) -> -0.37098668 | P417: =N417*SIN(G417) -> 0.01455357 | Q417: =O417-B$34 -> 0.25401332 | R417: =P417 -> 0.01455357 | S417: =J417+Q417*B$33 -> 4.2047667 | T417: =R417+K417*B$33 -> -0.61118429 | U417: =SQRT(S417*S417+T417*T417) -> 4.2489539 | W417: =$A417 -> 351 | X417: =ATAN2(S417,T417) -> -0.14434419 | Y417: =ATAN(P417/O417) -> -0.039209256 | AA417: =A417 -> 351 | AB417: =L417 -> 4 | AC417: =$U417 -> 4.2489539 | AD417: 351 | AE417: =AG417 -> 1.094 | AF417: =$U417/AB417 -> 1.0622385 | AG417: =VLOOKUP(AD68,migkas!E$3:H$1002,3,1) -> 1.094 | AH417: =SQRT((AF417-AG417)*(AF417-AG417)) -> 0.03176153 | AI417: =-(AG417-AF417)/AF417 -> -0.029900565 | AJ417: =AA417 -> 351 | AK417: =10^AF417 / AK$46 -> 5.7704339 | AL417: 351 | AM417: =VLOOKUP(AL68,migkas!E$3:H$1002,4,1)-AM$55 -> 1.0303448 | AN417: =AO417/B$27 -> 1.051187 | AO417: =(1 - exp(-E417/C$61) * (1 + E417/C$61 + E417*E417/C$61/C$61/2)) *B$56 -> 52.559349 | AP417: =SQRT((AM417-AN417)*(AM417-AN417)) -> 0.020842148 | AQ417: =(AN417-AM417)/AN417 -> 0.019827251 | AR417: =AJ417 -> 351 | AS417: =AF237 -> 1.1210292 | AY417: =AR417 -> 351 | AZ417: =AI417 -> -0.029900565 | BA417: =BA$57*SIN(BA$58*AR417+BA$59) -> -0.0083508039 | BC417: 351 | BD417: =AQ417 -> 0.019827251 | BE417: =BE$57*SIN(BE$58*AR417+BE$59) -> 0.0083508039
A418: 352 | B418: =RADIANS(A418) -> 6.143559 | C418: =B$28+B$29*COS(B418) -> 15.961072 | D418: =B$29*SIN(B418) -> -0.5566924 | E418: =(C418*C418+D418*D418)^0.5 -> 15.970778 | F418: =B$25*E418 -> 15.970778 | G418: =ATAN(D418/C418) -> -0.034864001 | H418: =F418*COS(G418) -> 15.961072 | I418: =F418*SIN(G418) -> -0.5566924 | J418: =H418-B$32 -> 3.9610723 | K418: =I418 -> -0.5566924 | L418: =SQRT(J418*J418+K418*K418) -> 4 | N418: =-B$26*AO418/(E418*E418) -> -0.37092741 | O418: =N418*COS(G418) -> -0.370702 | P418: =N418*SIN(G418) -> 0.012929394 | Q418: =O418-B$34 -> 0.254298 | R418: =P418 -> 0.012929394 | S418: =J418+Q418*B$33 -> 4.2153703 | T418: =R418+K418*B$33 -> -0.54376301 | U418: =SQRT(S418*S418+T418*T418) -> 4.250297 | W418: =$A418 -> 352 | X418: =ATAN2(S418,T418) -> -0.12828689 | Y418: =ATAN(P418/O418) -> -0.034864001 | AA418: =A418 -> 352 | AB418: =L418 -> 4 | AC418: =$U418 -> 4.250297 | AD418: 352 | AE418: =AG418 -> 1.094 | AF418: =$U418/AB418 -> 1.0625743 | AG418: =VLOOKUP(AD69,migkas!E$3:H$1002,3,1) -> 1.094 | AH418: =SQRT((AF418-AG418)*(AF418-AG418)) -> 0.031425744 | AI418: =-(AG418-AF418)/AF418 -> -0.029575104 | AJ418: =AA418 -> 352 | AK418: =10^AF418 / AK$46 -> 5.7748972 | AL418: 352 | AM418: =VLOOKUP(AL69,migkas!E$3:H$1002,4,1)-AM$55 -> 1.0282759 | AN418: =AO418/B$27 -> 1.0512319 | AO418: =(1 - exp(-E418/C$61) * (1 + E418/C$61 + E418*E418/C$61/C$61/2)) *B$56 -> 52.561595 | AP418: =SQRT((AM418-AN418)*(AM418-AN418)) -> 0.022956043 | AQ418: =(AN418-AM418)/AN418 -> 0.021837278 | AR418: =AJ418 -> 352 | AS418: =AF238 -> 1.1227368 | AY418: =AR418 -> 352 | AZ418: =AI418 -> -0.029575104 | BA418: =BA$57*SIN(BA$58*AR418+BA$59) -> -0.0099134725 | BC418: 352 | BD418: =AQ418 -> 0.021837278 | BE418: =BE$57*SIN(BE$58*AR418+BE$59) -> 0.0099134725
A419: 353 | B419: =RADIANS(A419) -> 6.1610123 | C419: =B$28+B$29*COS(B419) -> 15.970185 | D419: =B$29*SIN(B419) -> -0.48747737 | E419: =(C419*C419+D419*D419)^0.5 -> 15.977623 | F419: =B$25*E419 -> 15.977623 | G419: =ATAN(D419/C419) -> -0.030514742 | H419: =F419*COS(G419) -> 15.970185 | I419: =F419*SIN(G419) -> -0.48747737 | J419: =H419-B$32 -> 3.9701846 | K419: =I419 -> -0.48747737 | L419: =SQRT(J419*J419+K419*K419) -> 4 | N419: =-B$26*AO419/(E419*E419) -> -0.37062359 | O419: =N419*COS(G419) -> -0.37045105 | P419: =N419*SIN(G419) -> 0.011307728 | Q419: =O419-B$34 -> 0.25454895 | R419: =P419 -> 0.011307728 | S419: =J419+Q419*B$33 -> 4.2247336 | T419: =R419+K419*B$33 -> -0.47616965 | U419: =SQRT(S419*S419+T419*T419) -> 4.2514834 | W419: =$A419 -> 353 | X419: =ATAN2(S419,T419) -> -0.11223632 | Y419: =ATAN(P419/O419) -> -0.030514742 | AA419: =A419 -> 353 | AB419: =L419 -> 4 | AC419: =$U419 -> 4.2514834 | AD419: 353 | AE419: =AG419 -> 1.102 | AF419: =$U419/AB419 -> 1.0628709 | AG419: =VLOOKUP(AD70,migkas!E$3:H$1002,3,1) -> 1.102 | AH419: =SQRT((AF419-AG419)*(AF419-AG419)) -> 0.039129147 | AI419: =-(AG419-AF419)/AF419 -> -0.036814583 | AJ419: =AA419 -> 353 | AK419: =10^AF419 / AK$46 -> 5.7788425 | AL419: 353 | AM419: =VLOOKUP(AL70,migkas!E$3:H$1002,4,1)-AM$55 -> 1.022069 | AN419: =AO419/B$27 -> 1.0512715 | AO419: =(1 - exp(-E419/C$61) * (1 + E419/C$61 + E419*E419/C$61/C$61/2)) *B$56 -> 52.563573 | AP419: =SQRT((AM419-AN419)*(AM419-AN419)) -> 0.029202489 | AQ419: =(AN419-AM419)/AN419 -> 0.027778257 | AR419: =AJ419 -> 353 | AS419: =AF239 -> 1.1242558 | AY419: =AR419 -> 353 | AZ419: =AI419 -> -0.036814583 | BA419: =BA$57*SIN(BA$58*AR419+BA$59) -> -0.011473121 | BC419: 353 | BD419: =AQ419 -> 0.027778257 | BE419: =BE$57*SIN(BE$58*AR419+BE$59) -> 0.011473121
A420: 354 | B420: =RADIANS(A420) -> 6.1784656 | C420: =B$28+B$29*COS(B420) -> 15.978088 | D420: =B$29*SIN(B420) -> -0.41811385 | E420: =(C420*C420+D420*D420)^0.5 -> 15.983557 | F420: =B$25*E420 -> 15.983557 | G420: =ATAN(D420/C420) -> -0.026161983 | H420: =F420*COS(G420) -> 15.978088 | I420: =F420*SIN(G420) -> -0.41811385 | J420: =H420-B$32 -> 3.9780876 | K420: =I420 -> -0.41811385 | L420: =SQRT(J420*J420+K420*K420) -> 4 | N420: =-B$26*AO420/(E420*E420) -> -0.37036047 | O420: =N420*COS(G420) -> -0.37023373 | P420: =N420*SIN(G420) -> 0.0096882591 | Q420: =O420-B$34 -> 0.25476627 | R420: =P420 -> 0.0096882591 | S420: =J420+Q420*B$33 -> 4.2328538 | T420: =R420+K420*B$33 -> -0.40842559 | U420: =SQRT(S420*S420+T420*T420) -> 4.2525126 | W420: =$A420 -> 354 | X420: =ATAN2(S420,T420) -> -0.096191632 | Y420: =ATAN(P420/O420) -> -0.026161983 | AA420: =A420 -> 354 | AB420: =L420 -> 4 | AC420: =$U420 -> 4.2525126 | AD420: 354 | AE420: =AG420 -> 1.098 | AF420: =$U420/AB420 -> 1.0631281 | AG420: =VLOOKUP(AD71,migkas!E$3:H$1002,3,1) -> 1.098 | AH420: =SQRT((AF420-AG420)*(AF420-AG420)) -> 0.034871857 | AI420: =-(AG420-AF420)/AF420 -> -0.03280118 | AJ420: =AA420 -> 354 | AK420: =10^AF420 / AK$46 -> 5.7822671 | AL420: 354 | AM420: =VLOOKUP(AL71,migkas!E$3:H$1002,4,1)-AM$55 -> 1.0386207 | AN420: =AO420/B$27 -> 1.0513057 | AO420: =(1 - exp(-E420/C$61) * (1 + E420/C$61 + E420*E420/C$61/C$61/2)) *B$56 -> 52.565283 | AP420: =SQRT((AM420-AN420)*(AM420-AN420)) -> 0.01268497 | AQ420: =(AN420-AM420)/AN420 -> 0.01206592 | AR420: =AJ420 -> 354 | AS420: =AF240 -> 1.1255817 | AY420: =AR420 -> 354 | AZ420: =AI420 -> -0.03280118 | BA420: =BA$57*SIN(BA$58*AR420+BA$59) -> -0.013029276 | BC420: 354 | BD420: =AQ420 -> 0.01206592 | BE420: =BE$57*SIN(BE$58*AR420+BE$59) -> 0.013029276
A421: 355 | B421: =RADIANS(A421) -> 6.1959188 | C421: =B$28+B$29*COS(B421) -> 15.984779 | D421: =B$29*SIN(B421) -> -0.34862297 | E421: =(C421*C421+D421*D421)^0.5 -> 15.98858 | F421: =B$25*E421 -> 15.98858 | G421: =ATAN(D421/C421) -> -0.021806227 | H421: =F421*COS(G421) -> 15.984779 | I421: =F421*SIN(G421) -> -0.34862297 | J421: =H421-B$32 -> 3.9847788 | K421: =I421 -> -0.34862297 | L421: =SQRT(J421*J421+K421*K421) -> 4 | N421: =-B$26*AO421/(E421*E421) -> -0.37013799 | O421: =N421*COS(G421) -> -0.37004999 | P421: =N421*SIN(G421) -> 0.0080706732 | Q421: =O421-B$34 -> 0.25495001 | R421: =P421 -> 0.0080706732 | S421: =J421+Q421*B$33 -> 4.2397288 | T421: =R421+K421*B$33 -> -0.3405523 | U421: =SQRT(S421*S421+T421*T421) -> 4.2533841 | W421: =$A421 -> 355 | X421: =ATAN2(S421,T421) -> -0.080151992 | Y421: =ATAN(P421/O421) -> -0.021806227 | AA421: =A421 -> 355 | AB421: =L421 -> 4 | AC421: =$U421 -> 4.2533841 | AD421: 355 | AE421: =AG421 -> 1.1 | AF421: =$U421/AB421 -> 1.063346 | AG421: =VLOOKUP(AD72,migkas!E$3:H$1002,3,1) -> 1.1 | AH421: =SQRT((AF421-AG421)*(AF421-AG421)) -> 0.036653978 | AI421: =-(AG421-AF421)/AF421 -> -0.034470414 | AJ421: =AA421 -> 355 | AK421: =10^AF421 / AK$46 -> 5.7851687 | AL421: 355 | AM421: =VLOOKUP(AL72,migkas!E$3:H$1002,4,1)-AM$55 -> 1.0324138 | AN421: =AO421/B$27 -> 1.0513345 | AO421: =(1 - exp(-E421/C$61) * (1 + E421/C$61 + E421*E421/C$61/C$61/2)) *B$56 -> 52.566728 | AP421: =SQRT((AM421-AN421)*(AM421-AN421)) -> 0.018920757 | AQ421: =(AN421-AM421)/AN421 -> 0.017996895 | AR421: =AJ421 -> 355 | AS421: =AF241 -> 1.1267105 | AY421: =AR421 -> 355 | AZ421: =AI421 -> -0.034470414 | BA421: =BA$57*SIN(BA$58*AR421+BA$59) -> -0.014581461 | BC421: 355 | BD421: =AQ421 -> 0.017996895 | BE421: =BE$57*SIN(BE$58*AR421+BE$59) -> 0.014581461
A422: 356 | B422: =RADIANS(A422) -> 6.2133721 | C422: =B$28+B$29*COS(B422) -> 15.990256 | D422: =B$29*SIN(B422) -> -0.2790259 | E422: =(C422*C422+D422*D422)^0.5 -> 15.99269 | F422: =B$25*E422 -> 15.99269 | G422: =ATAN(D422/C422) -> -0.017447974 | H422: =F422*COS(G422) -> 15.990256 | I422: =F422*SIN(G422) -> -0.2790259 | J422: =H422-B$32 -> 3.9902562 | K422: =I422 -> -0.2790259 | L422: =SQRT(J422*J422+K422*K422) -> 4 | N422: =-B$26*AO422/(E422*E422) -> -0.36995605 | O422: =N422*COS(G422) -> -0.36989974 | P422: =N422*SIN(G422) -> 0.0064546561 | Q422: =O422-B$34 -> 0.25510026 | R422: =P422 -> 0.0064546561 | S422: =J422+Q422*B$33 -> 4.2453565 | T422: =R422+K422*B$33 -> -0.27257124 | U422: =SQRT(S422*S422+T422*T422) -> 4.2540976 | W422: =$A422 -> 356 | X422: =ATAN2(S422,T422) -> -0.064116555 | Y422: =ATAN(P422/O422) -> -0.017447974 | AA422: =A422 -> 356 | AB422: =L422 -> 4 | AC422: =$U422 -> 4.2540976 | AD422: 356 | AE422: =AG422 -> 1.098 | AF422: =$U422/AB422 -> 1.0635244 | AG422: =VLOOKUP(AD73,migkas!E$3:H$1002,3,1) -> 1.098 | AH422: =SQRT((AF422-AG422)*(AF422-AG422)) -> 0.034475594 | AI422: =-(AG422-AF422)/AF422 -> -0.032416364 | AJ422: =AA422 -> 356 | AK422: =10^AF422 / AK$46 -> 5.7875454 | AL422: 356 | AM422: =VLOOKUP(AL73,migkas!E$3:H$1002,4,1)-AM$55 -> 1.0117241 | AN422: =AO422/B$27 -> 1.0513582 | AO422: =(1 - exp(-E422/C$61) * (1 + E422/C$61 + E422*E422/C$61/C$61/2)) *B$56 -> 52.567908 | AP422: =SQRT((AM422-AN422)*(AM422-AN422)) -> 0.039634015 | AQ422: =(AN422-AM422)/AN422 -> 0.03769792 | AR422: =AJ422 -> 356 | AS422: =AF242 -> 1.1276387 | AY422: =AR422 -> 356 | AZ422: =AI422 -> -0.032416364 | BA422: =BA$57*SIN(BA$58*AR422+BA$59) -> -0.016129204 | BC422: 356 | BD422: =AQ422 -> 0.03769792 | BE422: =BE$57*SIN(BE$58*AR422+BE$59) -> 0.016129204
A423: 357 | B423: =RADIANS(A423) -> 6.2308254 | C423: =B$28+B$29*COS(B423) -> 15.994518 | D423: =B$29*SIN(B423) -> -0.20934383 | E423: =(C423*C423+D423*D423)^0.5 -> 15.995888 | F423: =B$25*E423 -> 15.995888 | G423: =ATAN(D423/C423) -> -0.013087726 | H423: =F423*COS(G423) -> 15.994518 | I423: =F423*SIN(G423) -> -0.20934383 | J423: =H423-B$32 -> 3.9945181 | K423: =I423 -> -0.20934383 | L423: =SQRT(J423*J423+K423*K423) -> 4 | N423: =-B$26*AO423/(E423*E423) -> -0.3698146 | O423: =N423*COS(G423) -> -0.36978293 | P423: =N423*SIN(G423) -> 0.0048398941 | Q423: =O423-B$34 -> 0.25521707 | R423: =P423 -> 0.0048398941 | S423: =J423+Q423*B$33 -> 4.2497352 | T423: =R423+K423*B$33 -> -0.20450393 | U423: =SQRT(S423*S423+T423*T423) -> 4.2546529 | W423: =$A423 -> 357 | X423: =ATAN2(S423,T423) -> -0.048084477 | Y423: =ATAN(P423/O423) -> -0.013087726 | AA423: =A423 -> 357 | AB423: =L423 -> 4 | AC423: =$U423 -> 4.2546529 | AD423: 357 | AE423: =AG423 -> 1.038 | AF423: =$U423/AB423 -> 1.0636632 | AG423: =VLOOKUP(AD74,migkas!E$3:H$1002,3,1) -> 1.038 | AH423: =SQRT((AF423-AG423)*(AF423-AG423)) -> 0.025663222 | AI423: =-(AG423-AF423)/AF423 -> 0.024127206 | AJ423: =AA423 -> 357 | AK423: =10^AF423 / AK$46 -> 5.7893956 | AL423: 357 | AM423: =VLOOKUP(AL74,migkas!E$3:H$1002,4,1)-AM$55 -> 1.0055172 | AN423: =AO423/B$27 -> 1.0513765 | AO423: =(1 - exp(-E423/C$61) * (1 + E423/C$61 + E423*E423/C$61/C$61/2)) *B$56 -> 52.568824 | AP423: =SQRT((AM423-AN423)*(AM423-AN423)) -> 0.045859248 | AQ423: =(AN423-AM423)/AN423 -> 0.043618293 | AR423: =AJ423 -> 357 | AS423: =AF243 -> 1.1283636 | AY423: =AR423 -> 357 | AZ423: =AI423 -> 0.024127206 | BA423: =BA$57*SIN(BA$58*AR423+BA$59) -> -0.017672035 | BC423: 357 | BD423: =AQ423 -> 0.043618293 | BE423: =BE$57*SIN(BE$58*AR423+BE$59) -> 0.017672035
A424: 358 | B424: =RADIANS(A424) -> 6.2482787 | C424: =B$28+B$29*COS(B424) -> 15.997563 | D424: =B$29*SIN(B424) -> -0.13959799 | E424: =(C424*C424+D424*D424)^0.5 -> 15.998172 | F424: =B$25*E424 -> 15.998172 | G424: =ATAN(D424/C424) -> -0.0087259816 | H424: =F424*COS(G424) -> 15.997563 | I424: =F424*SIN(G424) -> -0.13959799 | J424: =H424-B$32 -> 3.9975633 | K424: =I424 -> -0.13959799 | L424: =SQRT(J424*J424+K424*K424) -> 4 | N424: =-B$26*AO424/(E424*E424) -> -0.3697136 | O424: =N424*COS(G424) -> -0.36969953 | P424: =N424*SIN(G424) -> 0.0032260732 | Q424: =O424-B$34 -> 0.25530047 | R424: =P424 -> 0.0032260732 | S424: =J424+Q424*B$33 -> 4.2528638 | T424: =R424+K424*B$33 -> -0.13637191 | U424: =SQRT(S424*S424+T424*T424) -> 4.2550497 | W424: =$A424 -> 358 | X424: =ATAN2(S424,T424) -> -0.032054919 | Y424: =ATAN(P424/O424) -> -0.0087259816 | AA424: =A424 -> 358 | AB424: =L424 -> 4 | AC424: =$U424 -> 4.2550497 | AD424: 358 | AE424: =AG424 -> 1.038 | AF424: =$U424/AB424 -> 1.0637624 | AG424: =VLOOKUP(AD75,migkas!E$3:H$1002,3,1) -> 1.038 | AH424: =SQRT((AF424-AG424)*(AF424-AG424)) -> 0.025762415 | AI424: =-(AG424-AF424)/AF424 -> 0.024218204 | AJ424: =AA424 -> 358 | AK424: =10^AF424 / AK$46 -> 5.7907181 | AL424: 358 | AM424: =VLOOKUP(AL75,migkas!E$3:H$1002,4,1)-AM$55 -> 1.0055172 | AN424: =AO424/B$27 -> 1.0513896 | AO424: =(1 - exp(-E424/C$61) * (1 + E424/C$61 + E424*E424/C$61/C$61/2)) *B$56 -> 52.569479 | AP424: =SQRT((AM424-AN424)*(AM424-AN424)) -> 0.045872333 | AQ424: =(AN424-AM424)/AN424 -> 0.043630196 | AR424: =AJ424 -> 358 | AS424: =AF244 -> 1.128883 | AY424: =AR424 -> 358 | AZ424: =AI424 -> 0.024218204 | BA424: =BA$57*SIN(BA$58*AR424+BA$59) -> -0.019209482 | BC424: 358 | BD424: =AQ424 -> 0.043630196 | BE424: =BE$57*SIN(BE$58*AR424+BE$59) -> 0.019209482
A425: 359 | B425: =RADIANS(A425) -> 6.265732 | C425: =B$28+B$29*COS(B425) -> 15.999391 | D425: =B$29*SIN(B425) -> -0.069809626 | E425: =(C425*C425+D425*D425)^0.5 -> 15.999543 | F425: =B$25*E425 -> 15.999543 | G425: =ATAN(D425/C425) -> -0.0043632401 | H425: =F425*COS(G425) -> 15.999391 | I425: =F425*SIN(G425) -> -0.069809626 | J425: =H425-B$32 -> 3.9993908 | K425: =I425 -> -0.069809626 | L425: =SQRT(J425*J425+K425*K425) -> 4 | N425: =-B$26*AO425/(E425*E425) -> -0.36965302 | O425: =N425*COS(G425) -> -0.3696495 | P425: =N425*SIN(G425) -> 0.0016128797 | Q425: =O425-B$34 -> 0.2553505 | R425: =P425 -> 0.0016128797 | S425: =J425+Q425*B$33 -> 4.2547413 | T425: =R425+K425*B$33 -> -0.068196746 | U425: =SQRT(S425*S425+T425*T425) -> 4.2552878 | W425: =$A425 -> 359 | X425: =ATAN2(S425,T425) -> -0.01602704 | Y425: =ATAN(P425/O425) -> -0.0043632401 | AA425: =A425 -> 359 | AB425: =L425 -> 4 | AC425: =$U425 -> 4.2552878 | AD425: 359 | AE425: =AG425 -> 1.066 | AF425: =$U425/AB425 -> 1.0638219 | AG425: =VLOOKUP(AD76,migkas!E$3:H$1002,3,1) -> 1.066 | AH425: =SQRT((AF425-AG425)*(AF425-AG425)) -> 0.0021780528 | AI425: =-(AG425-AF425)/AF425 -> -0.0020473847 | AJ425: =AA425 -> 359 | AK425: =10^AF425 / AK$46 -> 5.7915119 | AL425: 359 | AM425: =VLOOKUP(AL76,migkas!E$3:H$1002,4,1)-AM$55 -> 1.0303448 | AN425: =AO425/B$27 -> 1.0513974 | AO425: =(1 - exp(-E425/C$61) * (1 + E425/C$61 + E425*E425/C$61/C$61/2)) *B$56 -> 52.569871 | AP425: =SQRT((AM425-AN425)*(AM425-AN425)) -> 0.021052593 | AQ425: =(AN425-AM425)/AN425 -> 0.02002344 | AR425: =AJ425 -> 359 | AS425: =AF245 -> 1.1291953 | AY425: =AR425 -> 359 | AZ425: =AI425 -> -0.0020473847 | BA425: =BA$57*SIN(BA$58*AR425+BA$59) -> -0.020741078 | BC425: 359 | BD425: =AQ425 -> 0.02002344 | BE425: =BE$57*SIN(BE$58*AR425+BE$59) -> 0.020741078
A426: 360 | B426: =RADIANS(A426) -> 6.2831853 | C426: =B$28+B$29*COS(B426) -> 16 | D426: =B$29*SIN(B426) -> 0 | E426: =(C426*C426+D426*D426)^0.5 -> 16 | F426: =B$25*E426 -> 16 | G426: =ATAN(D426/C426) -> 0 | H426: =F426*COS(G426) -> 16 | I426: =F426*SIN(G426) -> 0 | J426: =H426-B$32 -> 4 | K426: =I426 -> 0 | L426: =SQRT(J426*J426+K426*K426) -> 4 | N426: =-B$26*AO426/(E426*E426) -> -0.36963282 | O426: =N426*COS(G426) -> -0.36963282 | P426: =N426*SIN(G426) -> 0 | Q426: =O426-B$34 -> 0.25536718 | R426: =P426 -> 0 | S426: =J426+Q426*B$33 -> 4.2553672 | T426: =R426+K426*B$33 -> 0 | U426: =SQRT(S426*S426+T426*T426) -> 4.2553672 | W426: =$A426 -> 360 | X426: =ATAN2(S426,T426) -> 0 | Y426: =ATAN(P426/O426) -> 0 | AA426: =A426 -> 360 | AB426: =L426 -> 4 | AC426: =$U426 -> 4.2553672 | AD426: 360 | AE426: =AG426 -> 1.106 | AF426: =$U426/AB426 -> 1.0638418 | AG426: =VLOOKUP(AD77,migkas!E$3:H$1002,3,1) -> 1.106 | AH426: =SQRT((AF426-AG426)*(AF426-AG426)) -> 0.042158206 | AI426: =-(AG426-AF426)/AF426 -> -0.039628267 | AJ426: =AA426 -> 360 | AK426: =10^AF426 / AK$46 -> 5.7917765 | AL426: 360 | AM426: =VLOOKUP(AL77,migkas!E$3:H$1002,4,1)-AM$55 -> 1.0013793 | AN426: =AO426/B$27 -> 1.0514 | AO426: =(1 - exp(-E426/C$61) * (1 + E426/C$61 + E426*E426/C$61/C$61/2)) *B$56 -> 52.570002 | AP426: =SQRT((AM426-AN426)*(AM426-AN426)) -> 0.050020725 | AQ426: =(AN426-AM426)/AN426 -> 0.047575351 | AR426: =AJ426 -> 360 | AS426: =AF246 -> 1.1292995 | AY426: =AR426 -> 360 | AZ426: =AI426 -> -0.039628267 | BA426: =BA$57*SIN(BA$58*AR426+BA$59) -> -0.022266356 | BC426: 360 | BD426: =AQ426 -> 0.047575351 | BE426: =BE$57*SIN(BE$58*AR426+BE$59) -> 0.022266356

Sheet density w rotation
C2: distributed mass density with added error ie rotation?
C3: R2w/R2wo a | D3: =BH58/AF51 -> 1.4535821
C4: R2w/R2wo b | D4: =BL58/AM51 -> 1.9288175
A7: c | B7: 100
A8: v/c | B8: =B32/B7 -> 0.1
A9: squared | B9: =B8*B8 -> 0.01
B10: =SQRT(1-B9) -> 0.99498744
B12: 0.5
B14: 2
B15: 1
B16: 10
B17: 2
B18: 0.5
A21: m(R)/M = 1 - exp(-X)*(1+X+{X^{2}/2}) | E21: =AH61 -> 0.039938592
A22: x=R/L
A23: L | B23: 0.5
AO24: =64/48 -> 1.3333333
A25: k | B25: 1 | C25: Taylor Sedov
A26: G | B26: 1 | C26: gravity
A27: M | B27: 50 | C27: mass
A28: D | B28: 10 | C28: Earth to coe
A29: R | B29: 3 | C29: Earth to P
A30: L | B30: 1.5 | C30: density distribution
A32: Vo | B32: =B25*B28 -> 10 | C32: observer velocity, all x
A33: dt | B33: 1 | E33: =AP61 -> 0.041269454
A34: Ax observer | B34: =-B26*B27/(B28*B28) -> -0.5 | C34: observer acceleration, all x
A36: v* | B36: =B29*B25 -> 3
A37: normalized v* | B37: 1
A39: min | B39: =MIN(AF66:AF1112) -> 0.9492305 | E39: 0.09
A40: avg | B40: =AVERAGE(AF66:AF1001) -> 1.0213092 | C40: =B40-1 -> 0.021309243
A41: max | B41: =max(AF65:AF1112) -> 1.1318723 | C41: =B41/B39-1 -> 0.19241039
A43: > v* | B43: =COUNTIF(AF:AF,">"&B37) -> 216 | C43: =B43/B45 -> 0.59016393
A44: < v* | B44: =COUNTIF(AF:AF,"<"&B37) -> 150 | C44: =B44/B45 -> 0.40983607
A45: total | B45: =B43+B44 -> 366 | C45: 360° = 0°
AK46: 2
A48: 0° | B48: =AF66 -> 1.0649816 | C48: =B50/B48-1 -> 0.062809292
A49: ~90° | B49: =MIN(AF66:AF931) -> 0.9492305 | C49: =B50/B49-1 -> 0.19241039 | AF49: {=LINEST(AG68:AG426,AF68:AF426,1,1)} -> 0.89863109 | AG49: 0.11109573 | AM49: {=LINEST(AN68:AN426,AM68:AM426,1,1)} -> 0.55795816 | AN49: 0.4303492
A50: 180° | B50: =AF246 -> 1.1318723 | AF50: 0.05028627 | AG50: 0.051415865 | AM50: 0.037883786 | AN50: 0.037598591
AF51: 0.47216513 | AG51: 0.050913302 | AM51: 0.37796042 | AN51: 0.041057151
A52: angle of minimum | B52: =VLOOKUP(B49,AF66:AJ1112,5,0) -> 103 | C52: =180-(B52-180) -> 257 | AF52: 319.34788 | AG52: 357 | AM52: 216.91846 | AN52: 357
C53: =abs(C52-B52) -> 154 | AF53: 0.82780219 | AG53: 0.92540266 | AM53: 0.3656572 | AN53: 0.60179119
A54: avg density to o | B54: =B27/((B28)^B53 * PI() * 4/3) -> 11.936621
A55: fraction up to o | B55: =(1-exp(-B28/B30)*(1+ B28/B30 + B28*B28/B30/B30/2)) -> 0.96196239 | AV55: =MAX(E66:E931) -> 13
A56: total mass | B56: =B27/B55 -> 51.977084 | AX56: sin( ) | AY56: ...at this angle | BH56: {=LINEST(BI66:BI426,BH66:BH426,1,1)} -> 0.88921794 | BI56: 0.12081827 | BL56: {=LINEST(BM66:BM426,BL66:BL426,1,1)} -> 0.80621481 | BM56: 0.19838607
A57: check | B57: =B56*B55 -> 50 | AV57: crossing | AW57: zero | AX57: 0 | AY57: =(AX57-BA$59)/BA$58 -> -8.5943669 | BA57: -0.055 | BE57: =-BA57 -> 0.055 | BH57: 0.031727089 | BI57: 0.032468508 | BL57: 0.025942157 | BM57: 0.025553255
AV58: min max | AW58: max min | AX58: =PI()/2 -> 1.5707963 | AY58: =(AX58-BA$59)/BA$58 -> 81.405633 | BA58: =BB58 -> 0.017453293 | BB58: =2*pi()/360 -> 0.017453293 | BE58: =BA58 -> 0.017453293 | BH58: 0.68633076 | BI58: 0.039220424 | BL58: 0.72901669 | BM58: 0.029811777
B59: m(R)/M = 1 - exp(-X)*(1+X+{X^{2}/2}) | AV59: crossing | AW59: zero | AX59: =PI() -> 3.1415927 | AY59: =(AX59-BA$59)/BA$58 -> 171.40563 | BA59: 0.15 | BE59: =BA59 -> 0.15 | BH59: 785.51769 | BI59: 359 | BL59: 965.80484 | BM59: 359
B60: x=R/L | AV60: min max | AW60: max min | AX60: =PI()*3/2 -> 4.712389 | AY60: =(AX60-BA$59)/BA$58 -> 261.40563 | BH60: 1.208316 | BI60: 0.55222875 | BL60: 0.85835136 | BM60: 0.31905839
AH61: =AH63/AG63 -> 0.039938592 | AP61: =AP63/AN63 -> 0.041269454 | AV61: crossing | AW61: zero | AX61: =2*PI() -> 6.2831853 | AY61: =(AX61-BA$59)/BA$58 -> 351.40563
B62: m min at p | C62: =Min(AO:AO) -> 1.3333333
B63: m max at p | C63: =MAX(AO:AO) -> 51.554345 | AG63: =SUM(AG66:AG426) -> 371.46 | AH63: =SUM(AH66:AH426) -> 14.83559 | AM63: =SUM(AM66:AM426) -> 357.7569 | AN63: =SUM(AN68:AN931) -> 352.96396 | AP63: =SUM(AP66:AP426) -> 14.56663 | AZ63: =SUM(AZ68:AZ426) -> -2.7543327 | BA63: =SUM(BA68:BA426) -> 0.0091669494 | BE63: =SUM(BE68:BE426) -> -0.0091669494
A65: degrees | B65: radians | C65: px | D65: py | E65: D | F65: V=kD | G65: theta | H65: Vx | I65: Vy | J65: dVx | K65: dVy | L65: recession v* | N65: A | O65: Ax | P65: Ay | Q65: dAx | R65: dAy | S65: dVx* | T65: dVy* | U65: recession v | W65: =$A65 -> degrees | X65: angle v | Y65: angle a | AA65: =$A65 -> degrees | AB65: recession v* | AD65: degrees | AF65: =U65 -> recession v | AG65: migkas | AJ65: =AA65 -> degrees | AK65: =AF65 -> recession v | AL65: degrees | AM65: migkas | AN65: mass up to p x | AO65: mass up to P | AR65: degrees | AS65: recession v | AZ65: m a | BA65: model | BD65: m b | BE65: model | BG65: degrees | BH65: Model A/A_all | BI65: Migkas | BK65: degrees | BL65: Model B/B_all | BM65: Migkas
A66: 0 | B66: =RADIANS(A66) -> 0 | C66: =B$28+B$29*COS(B66) -> 13 | D66: =B$29*SIN(B66) -> 0 | E66: =(C66*C66+D66*D66)^0.5 -> 13 | F66: =B$25*E66 -> 13 | G66: =ATAN(D66/C66)+RADIANS(B58) -> 0 | H66: =F66*COS(G66) -> 13 | I66: =F66*SIN(G66) -> 0 | J66: =H66-B$32 -> 3 | K66: =I66 -> 0 | L66: =SQRT(J66*J66+K66*K66) -> 3 | N66: =-B$26*AO66/(E66*E66) -> -0.30505529 | O66: =N66*COS($G66) -> -0.30505529 | P66: =N66*SIN($G66) -> 0 | Q66: =O66-B$34 -> 0.19494471 | R66: =P66 -> 0 | S66: =J66+Q66*B$33 -> 3.1949447 | T66: =R66+K66*B$33 -> 0 | U66: =SQRT(S66*S66+T66*T66) -> 3.1949447 | W66: =$A66 -> 0 | X66: =ATAN2(S66,T66) -> 0 | Y66: =ATAN(P66/O66) -> 0 | AA66: =A66 -> 0 | AB66: =L66 -> 3 | AC66: =$U66 -> 3.1949447 | AD66: 0 | AE66: =AG66 -> 1.066 | AF66: =$U66/AB66 -> 1.0649816 | AG66: =VLOOKUP(AD76,migkas!E$3:H$1002,3,1) -> 1.066 | AH66: =SQRT((AF66-AG66)*(AF66-AG66)) -> 0.0010184311 | AI66: =-(AG66-AF66)/AF66 -> -0.0009562899 | AJ66: =AA66 -> 0 | AK66: =10^AF66 / AK$46 -> 5.8069966 | AL66: 0 | AM66: =VLOOKUP(AL76,migkas!E$3:H$1002,4,1)-E$39 -> 1.0403448 | AN66: =AO66/B$27 -> 1.0310869 | AO66: =(1 - exp(-E66/B$30) * (1 + E66/B$30 + E66*E66/B$30/B$30/2)) *B$56 -> 51.554345 | AP66: =SQRT((AM66-AN66)*(AM66-AN66)) -> 0.0092579365 | AQ66: =(AN66-AM66)/AN66 -> -0.0089788131 | AR66: =AJ66 -> 0 | AS66: =AF246 -> 1.1318723 | AV66: 0 | AW66: =4/3 * PI() * AV66^B$53 -> 4.1887902 | AY66: 0 | AZ66: =AI66 -> -0.0009562899 | BA66: =BA$57*SIN(BA$58*AR66+BA$59) -> -0.0082190973 | BC66: 0 | BD66: =AQ66 -> -0.0089788131 | BE66: =BE$57*SIN(BE$58*AR66+BE$59) -> 0.0082190973 | BG66: =BC66 -> 0 | BH66: =(1-BA66)*AF66 -> 1.0737348 | BI66: =AG66 -> 1.066 | BJ66: =(BH66-BI66)/BH66 -> 0.0072036003 | BK66: =BG66 -> 0 | BL66: =(1-BE66)*AN66 -> 1.0226123 | BM66: =AM66 -> 1.0403448 | BN66: =(BL66-BM66)/BL66 -> -0.017340433
A67: 1 | B67: =RADIANS(A67) -> 0.017453293 | C67: =B$28+B$29*COS(B67) -> 12.999543 | D67: =B$29*SIN(B67) -> 0.052357219 | E67: =(C67*C67+D67*D67)^0.5 -> 12.999649 | F67: =B$25*E67 -> 12.999649 | G67: =ATAN(D67/C67) -> 0.0040275982 | H67: =F67*COS(G67) -> 12.999543 | I67: =F67*SIN(G67) -> 0.052357219 | J67: =H67-B$32 -> 2.9995431 | K67: =I67 -> 0.052357219 | L67: =SQRT(J67*J67+K67*K67) -> 3 | N67: =-B$26*AO67/(E67*E67) -> -0.30507132 | O67: =N67*COS(G67) -> -0.30506885 | P67: =N67*SIN(G67) -> -0.0012287014 | Q67: =O67-B$34 -> 0.19493115 | R67: =P67 -> -0.0012287014 | S67: =J67+Q67*B$33 -> 3.1944742 | T67: =R67+K67*B$33 -> 0.051128518 | U67: =SQRT(S67*S67+T67*T67) -> 3.1948834 | W67: =$A67 -> 1 | X67: =ATAN2(S67,T67) -> 0.016003933 | Y67: =ATAN(P67/O67) -> 0.0040275982 | AA67: =A67 -> 1 | AB67: =L67 -> 3 | AC67: =$U67 -> 3.1948834 | AD67: 1 | AE67: =AG67 -> 1.106 | AF67: =$U67/AB67 -> 1.0649611 | AG67: =VLOOKUP(AD77,migkas!E$3:H$1002,3,1) -> 1.106 | AH67: =SQRT((AF67-AG67)*(AF67-AG67)) -> 0.041038875 | AI67: =-(AG67-AF67)/AF67 -> -0.038535562 | AJ67: =AA67 -> 1 | AK67: =10^AF67 / AK$46 -> 5.8067233 | AL67: 1 | AM67: =VLOOKUP(AL77,migkas!E$3:H$1002,4,1)-E$39 -> 1.0113793 | AN67: =AO67/B$27 -> 1.0310853 | AO67: =(1 - exp(-E67/B$30) * (1 + E67/B$30 + E67*E67/B$30/B$30/2)) *B$56 -> 51.554266 | AP67: =SQRT((AM67-AN67)*(AM67-AN67)) -> 0.019706006 | AQ67: =(AN67-AM67)/AN67 -> 0.019111906 | AR67: =AJ67 -> 1 | AS67: =AF247 -> 1.1317741 | AV67: =AV66+AV$55/10 -> 1.3 | AW67: =4/3 * PI() * AV67^B$53 *B$54 -> 50 | AY67: 1 | AZ67: =AI67 -> -0.038535562 | BA67: =BA$57*SIN(BA$58*AR67+BA$59) -> -0.0091669494 | BC67: 1 | BD67: =AQ67 -> 0.019111906 | BE67: =BE$57*SIN(BE$58*AR67+BE$59) -> 0.0091669494 | BG67: =BC67 -> 1 | BH67: =(1-BA67)*AF67 -> 1.0747236 | BI67: =AG67 -> 1.106 | BJ67: =(BH67-BI67)/BH67 -> -0.029101837 | BK67: =BG67 -> 1 | BL67: =(1-BE67)*AN67 -> 1.0216334 | BM67: =AM67 -> 1.0113793 | BN67: =(BL67-BM67)/BL67 -> 0.010036965
A68: 2 | B68: =RADIANS(A68) -> 0.034906585 | C68: =B$28+B$29*COS(B68) -> 12.998172 | D68: =B$29*SIN(B68) -> 0.10469849 | E68: =(C68*C68+D68*D68)^0.5 -> 12.998594 | F68: =B$25*E68 -> 12.998594 | G68: =ATAN(D68/C68) -> 0.0080546882 | H68: =F68*COS(G68) -> 12.998172 | I68: =F68*SIN(G68) -> 0.10469849 | J68: =H68-B$32 -> 2.9981725 | K68: =I68 -> 0.10469849 | L68: =SQRT(J68*J68+K68*K68) -> 3 | N68: =-B$26*AO68/(E68*E68) -> -0.30511942 | O68: =N68*COS(G68) -> -0.30510952 | P68: =N68*SIN(G68) -> -0.0024576152 | Q68: =O68-B$34 -> 0.19489048 | R68: =P68 -> -0.0024576152 | S68: =J68+Q68*B$33 -> 3.193063 | T68: =R68+K68*B$33 -> 0.10224087 | U68: =SQRT(S68*S68+T68*T68) -> 3.1946994 | W68: =$A68 -> 2 | X68: =ATAN2(S68,T68) -> 0.03200875 | Y68: =ATAN(P68/O68) -> 0.0080546882 | AA68: =A68 -> 2 | AB68: =L68 -> 3 | AC68: =$U68 -> 3.1946994 | AD68: 2 | AE68: =AG68 -> 1.102 | AF68: =$U68/AB68 -> 1.0648998 | AG68: =VLOOKUP(AD78,migkas!E$3:H$1002,3,1) -> 1.102 | AH68: =SQRT((AF68-AG68)*(AF68-AG68)) -> 0.037100199 | AI68: =-(AG68-AF68)/AF68 -> -0.034839146 | AJ68: =AA68 -> 2 | AK68: =10^AF68 / AK$46 -> 5.8059034 | AL68: 2 | AM68: =VLOOKUP(AL78,migkas!E$3:H$1002,4,1)-E$39 -> 1.0175862 | AN68: =AO68/B$27 -> 1.0310806 | AO68: =(1 - exp(-E68/B$30) * (1 + E68/B$30 + E68*E68/B$30/B$30/2)) *B$56 -> 51.554029 | AP68: =SQRT((AM68-AN68)*(AM68-AN68)) -> 0.01349438 | AQ68: =(AN68-AM68)/AN68 -> 0.01308761 | AR68: =AJ68 -> 2 | AS68: =AF248 -> 1.1314797 | AV68: =AV67+AV$55/10 -> 2.6 | AW68: =4/3 * PI() * AV68^B$53 *B$54 -> 50 | AY68: =AR68 -> 2 | AZ68: =AI68 -> -0.034839146 | BA68: =BA$57*SIN(BA$58*AR68+BA$59) -> -0.010112009 | BC68: 2 | BD68: =AQ68 -> 0.01308761 | BE68: =BE$57*SIN(BE$58*AR68+BE$59) -> 0.010112009 | BG68: =BC68 -> 2 | BH68: =(1-BA68)*AF68 -> 1.0756681 | BI68: =AG68 -> 1.102 | BJ68: =(BH68-BI68)/BH68 -> -0.024479599 | BK68: =BG68 -> 2 | BL68: =(1-BE68)*AN68 -> 1.0206543 | BM68: =AM68 -> 1.0175862 | BN68: =(BL68-BM68)/BL68 -> 0.0030059971
A69: 3 | B69: =RADIANS(A69) -> 0.052359878 | C69: =B$28+B$29*COS(B69) -> 12.995889 | D69: =B$29*SIN(B69) -> 0.15700787 | E69: =(C69*C69+D69*D69)^0.5 -> 12.996837 | F69: =B$25*E69 -> 12.996837 | G69: =ATAN(D69/C69) -> 0.012080761 | H69: =F69*COS(G69) -> 12.995889 | I69: =F69*SIN(G69) -> 0.15700787 | J69: =H69-B$32 -> 2.9958886 | K69: =I69 -> 0.15700787 | L69: =SQRT(J69*J69+K69*K69) -> 3 | N69: =-B$26*AO69/(E69*E69) -> -0.30519959 | O69: =N69*COS(G69) -> -0.30517732 | P69: =N69*SIN(G69) -> -0.0036869538 | Q69: =O69-B$34 -> 0.19482268 | R69: =P69 -> -0.0036869538 | S69: =J69+Q69*B$33 -> 3.1907113 | T69: =R69+K69*B$33 -> 0.15332091 | U69: =SQRT(S69*S69+T69*T69) -> 3.1943929 | W69: =$A69 -> 3 | X69: =ATAN2(S69,T69) -> 0.048015335 | Y69: =ATAN(P69/O69) -> 0.012080761 | AA69: =A69 -> 3 | AB69: =L69 -> 3 | AC69: =$U69 -> 3.1943929 | AD69: 3 | AE69: =AG69 -> 1.116 | AF69: =$U69/AB69 -> 1.0647976 | AG69: =VLOOKUP(AD79,migkas!E$3:H$1002,3,1) -> 1.116 | AH69: =SQRT((AF69-AG69)*(AF69-AG69)) -> 0.051202377 | AI69: =-(AG69-AF69)/AF69 -> -0.048086487 | AJ69: =AA69 -> 3 | AK69: =10^AF69 / AK$46 -> 5.8045376 | AL69: 3 | AM69: =VLOOKUP(AL79,migkas!E$3:H$1002,4,1)-E$39 -> 1.0134483 | AN69: =AO69/B$27 -> 1.0310727 | AO69: =(1 - exp(-E69/B$30) * (1 + E69/B$30 + E69*E69/B$30/B$30/2)) *B$56 -> 51.553635 | AP69: =SQRT((AM69-AN69)*(AM69-AN69)) -> 0.017624425 | AQ69: =(AN69-AM69)/AN69 -> 0.017093291 | AR69: =AJ69 -> 3 | AS69: =AF249 -> 1.1309899 | AV69: =AV68+AV$55/10 -> 3.9 | AW69: =4/3 * PI() * AV69^B$53 *B$54 -> 50 | AY69: =AR69 -> 3 | AZ69: =AI69 -> -0.048086487 | BA69: =BA$57*SIN(BA$58*AR69+BA$59) -> -0.011053989 | BC69: 3 | BD69: =AQ69 -> 0.017093291 | BE69: =BE$57*SIN(BE$58*AR69+BE$59) -> 0.011053989 | BG69: =BC69 -> 3 | BH69: =(1-BA69)*AF69 -> 1.0765679 | BI69: =AG69 -> 1.116 | BJ69: =(BH69-BI69)/BH69 -> -0.036627617 | BK69: =BG69 -> 3 | BL69: =(1-BE69)*AN69 -> 1.0196752 | BM69: =AM69 -> 1.0134483 | BN69: =(BL69-BM69)/BL69 -> 0.0061068064
A70: 4 | B70: =RADIANS(A70) -> 0.06981317 | C70: =B$28+B$29*COS(B70) -> 12.992692 | D70: =B$29*SIN(B70) -> 0.20926942 | E70: =(C70*C70+D70*D70)^0.5 -> 12.994377 | F70: =B$25*E70 -> 12.994377 | G70: =ATAN(D70/C70) -> 0.016105309 | H70: =F70*COS(G70) -> 12.992692 | I70: =F70*SIN(G70) -> 0.20926942 | J70: =H70-B$32 -> 2.9926922 | K70: =I70 -> 0.20926942 | L70: =SQRT(J70*J70+K70*K70) -> 3 | N70: =-B$26*AO70/(E70*E70) -> -0.30531187 | O70: =N70*COS(G70) -> -0.30527227 | P70: =N70*SIN(G70) -> -0.0049169296 | Q70: =O70-B$34 -> 0.19472773 | R70: =P70 -> -0.0049169296 | S70: =J70+Q70*B$33 -> 3.1874199 | T70: =R70+K70*B$33 -> 0.20435249 | U70: =SQRT(S70*S70+T70*T70) -> 3.1939639 | W70: =$A70 -> 4 | X70: =ATAN2(S70,T70) -> 0.064024572 | Y70: =ATAN(P70/O70) -> 0.016105309 | AA70: =A70 -> 4 | AB70: =L70 -> 3 | AC70: =$U70 -> 3.1939639 | AD70: 4 | AE70: =AG70 -> 1.1 | AF70: =$U70/AB70 -> 1.0646546 | AG70: =VLOOKUP(AD80,migkas!E$3:H$1002,3,1) -> 1.1 | AH70: =SQRT((AF70-AG70)*(AF70-AG70)) -> 0.035345366 | AI70: =-(AG70-AF70)/AF70 -> -0.033198903 | AJ70: =AA70 -> 4 | AK70: =10^AF70 / AK$46 -> 5.8026268 | AL70: 4 | AM70: =VLOOKUP(AL80,migkas!E$3:H$1002,4,1)-E$39 -> 1.027931 | AN70: =AO70/B$27 -> 1.0310617 | AO70: =(1 - exp(-E70/B$30) * (1 + E70/B$30 + E70*E70/B$30/B$30/2)) *B$56 -> 51.553083 | AP70: =SQRT((AM70-AN70)*(AM70-AN70)) -> 0.0031306165 | AQ70: =(AN70-AM70)/AN70 -> 0.0030363039 | AR70: =AJ70 -> 4 | AS70: =AF250 -> 1.1303062 | AV70: =AV69+AV$55/10 -> 5.2 | AW70: =4/3 * PI() * AV70^B$53 *B$54 -> 50 | AY70: =AR70 -> 4 | AZ70: =AI70 -> -0.033198903 | BA70: =BA$57*SIN(BA$58*AR70+BA$59) -> -0.011992601 | BC70: 4 | BD70: =AQ70 -> 0.0030363039 | BE70: =BE$57*SIN(BE$58*AR70+BE$59) -> 0.011992601 | BG70: =BC70 -> 4 | BH70: =(1-BA70)*AF70 -> 1.0774226 | BI70: =AG70 -> 1.1 | BJ70: =(BH70-BI70)/BH70 -> -0.020954997 | BK70: =BG70 -> 4 | BL70: =(1-BE70)*AN70 -> 1.0186965 | BM70: =AM70 -> 1.027931 | BN70: =(BL70-BM70)/BL70 -> -0.0090650102
A71: 5 | B71: =RADIANS(A71) -> 0.087266463 | C71: =B$28+B$29*COS(B71) -> 12.988584 | D71: =B$29*SIN(B71) -> 0.26146723 | E71: =(C71*C71+D71*D71)^0.5 -> 12.991216 | F71: =B$25*E71 -> 12.991216 | G71: =ATAN(D71/C71) -> 0.020127823 | H71: =F71*COS(G71) -> 12.988584 | I71: =F71*SIN(G71) -> 0.26146723 | J71: =H71-B$32 -> 2.9885841 | K71: =I71 -> 0.26146723 | L71: =SQRT(J71*J71+K71*K71) -> 3 | N71: =-B$26*AO71/(E71*E71) -> -0.30545629 | O71: =N71*COS(G71) -> -0.30539441 | P71: =N71*SIN(G71) -> -0.0061477549 | Q71: =O71-B$34 -> 0.19460559 | R71: =P71 -> -0.0061477549 | S71: =J71+Q71*B$33 -> 3.1831897 | T71: =R71+K71*B$33 -> 0.25531947 | U71: =SQRT(S71*S71+T71*T71) -> 3.1934127 | W71: =$A71 -> 5 | X71: =ATAN2(S71,T71) -> 0.080037345 | Y71: =ATAN(P71/O71) -> 0.020127823 | AA71: =A71 -> 5 | AB71: =L71 -> 3 | AC71: =$U71 -> 3.1934127 | AD71: 5 | AE71: =AG71 -> 1.102 | AF71: =$U71/AB71 -> 1.0644709 | AG71: =VLOOKUP(AD81,migkas!E$3:H$1002,3,1) -> 1.102 | AH71: =SQRT((AF71-AG71)*(AF71-AG71)) -> 0.037529105 | AI71: =-(AG71-AF71)/AF71 -> -0.035256112 | AJ71: =AA71 -> 5 | AK71: =10^AF71 / AK$46 -> 5.8001724 | AL71: 5 | AM71: =VLOOKUP(AL81,migkas!E$3:H$1002,4,1)-E$39 -> 1.03 | AN71: =AO71/B$27 -> 1.0310474 | AO71: =(1 - exp(-E71/B$30) * (1 + E71/B$30 + E71*E71/B$30/B$30/2)) *B$56 -> 51.552371 | AP71: =SQRT((AM71-AN71)*(AM71-AN71)) -> 0.0010474247 | AQ71: =(AN71-AM71)/AN71 -> 0.0010158841 | AR71: =AJ71 -> 5 | AS71: =AF251 -> 1.1294304 | AV71: =AV70+AV$55/10 -> 6.5 | AW71: =4/3 * PI() * AV71^B$53 *B$54 -> 50 | AY71: =AR71 -> 5 | AZ71: =AI71 -> -0.035256112 | BA71: =BA$57*SIN(BA$58*AR71+BA$59) -> -0.01292756 | BC71: 5 | BD71: =AQ71 -> 0.0010158841 | BE71: =BE$57*SIN(BE$58*AR71+BE$59) -> 0.01292756 | BG71: =BC71 -> 5 | BH71: =(1-BA71)*AF71 -> 1.0782319 | BI71: =AG71 -> 1.102 | BJ71: =(BH71-BI71)/BH71 -> -0.022043582 | BK71: =BG71 -> 5 | BL71: =(1-BE71)*AN71 -> 1.0177185 | BM71: =AM71 -> 1.03 | BN71: =(BL71-BM71)/BL71 -> -0.012067682
A72: 6 | B72: =RADIANS(A72) -> 0.10471976 | C72: =B$28+B$29*COS(B72) -> 12.983566 | D72: =B$29*SIN(B72) -> 0.31358539 | E72: =(C72*C72+D72*D72)^0.5 -> 12.987352 | F72: =B$25*E72 -> 12.987352 | G72: =ATAN(D72/C72) -> 0.024147791 | H72: =F72*COS(G72) -> 12.983566 | I72: =F72*SIN(G72) -> 0.31358539 | J72: =H72-B$32 -> 2.9835657 | K72: =I72 -> 0.31358539 | L72: =SQRT(J72*J72+K72*K72) -> 3 | N72: =-B$26*AO72/(E72*E72) -> -0.30563289 | O72: =N72*COS(G72) -> -0.30554378 | P72: =N72*SIN(G72) -> -0.0073796419 | Q72: =O72-B$34 -> 0.19445622 | R72: =P72 -> -0.0073796419 | S72: =J72+Q72*B$33 -> 3.1780219 | T72: =R72+K72*B$33 -> 0.30620575 | U72: =SQRT(S72*S72+T72*T72) -> 3.1927394 | W72: =$A72 -> 6 | X72: =ATAN2(S72,T72) -> 0.096054541 | Y72: =ATAN(P72/O72) -> 0.024147791 | AA72: =A72 -> 6 | AB72: =L72 -> 3 | AC72: =$U72 -> 3.1927394 | AD72: 6 | AE72: =AG72 -> 1.106 | AF72: =$U72/AB72 -> 1.0642465 | AG72: =VLOOKUP(AD82,migkas!E$3:H$1002,3,1) -> 1.106 | AH72: =SQRT((AF72-AG72)*(AF72-AG72)) -> 0.041753517 | AI72: =-(AG72-AF72)/AF72 -> -0.039232939 | AJ72: =AA72 -> 6 | AK72: =10^AF72 / AK$46 -> 5.797176 | AL72: 6 | AM72: =VLOOKUP(AL82,migkas!E$3:H$1002,4,1)-E$39 -> 1.0175862 | AN72: =AO72/B$27 -> 1.03103 | AO72: =(1 - exp(-E72/B$30) * (1 + E72/B$30 + E72*E72/B$30/B$30/2)) *B$56 -> 51.551501 | AP72: =SQRT((AM72-AN72)*(AM72-AN72)) -> 0.013443803 | AQ72: =(AN72-AM72)/AN72 -> 0.013039197 | AR72: =AJ72 -> 6 | AS72: =AF252 -> 1.1283649 | AV72: =AV71+AV$55/10 -> 7.8 | AW72: =4/3 * PI() * AV72^B$53 *B$54 -> 50 | AY72: =AR72 -> 6 | AZ72: =AI72 -> -0.039232939 | BA72: =BA$57*SIN(BA$58*AR72+BA$59) -> -0.013858582 | BC72: 6 | BD72: =AQ72 -> 0.013039197 | BE72: =BE$57*SIN(BE$58*AR72+BE$59) -> 0.013858582 | BG72: =BC72 -> 6 | BH72: =(1-BA72)*AF72 -> 1.0789954 | BI72: =AG72 -> 1.106 | BJ72: =(BH72-BI72)/BH72 -> -0.025027511 | BK72: =BG72 -> 6 | BL72: =(1-BE72)*AN72 -> 1.0167414 | BM72: =AM72 -> 1.0175862 | BN72: =(BL72-BM72)/BL72 -> -0.00083090001
A73: 7 | B73: =RADIANS(A73) -> 0.12217305 | C73: =B$28+B$29*COS(B73) -> 12.977638 | D73: =B$29*SIN(B73) -> 0.36560803 | E73: =(C73*C73+D73*D73)^0.5 -> 12.982787 | F73: =B$25*E73 -> 12.982787 | G73: =ATAN(D73/C73) -> 0.028164704 | H73: =F73*COS(G73) -> 12.977638 | I73: =F73*SIN(G73) -> 0.36560803 | J73: =H73-B$32 -> 2.9776385 | K73: =I73 -> 0.36560803 | L73: =SQRT(J73*J73+K73*K73) -> 3 | N73: =-B$26*AO73/(E73*E73) -> -0.30584172 | O73: =N73*COS(G73) -> -0.30572043 | P73: =N73*SIN(G73) -> -0.008612803 | Q73: =O73-B$34 -> 0.19427957 | R73: =P73 -> -0.008612803 | S73: =J73+Q73*B$33 -> 3.171918 | T73: =R73+K73*B$33 -> 0.35699523 | U73: =SQRT(S73*S73+T73*T73) -> 3.1919445 | W73: =$A73 -> 7 | X73: =ATAN2(S73,T73) -> 0.11207705 | Y73: =ATAN(P73/O73) -> 0.028164704 | AA73: =A73 -> 7 | AB73: =L73 -> 3 | AC73: =$U73 -> 3.1919445 | AD73: 7 | AE73: =AG73 -> 1.106 | AF73: =$U73/AB73 -> 1.0639815 | AG73: =VLOOKUP(AD83,migkas!E$3:H$1002,3,1) -> 1.106 | AH73: =SQRT((AF73-AG73)*(AF73-AG73)) -> 0.042018507 | AI73: =-(AG73-AF73)/AF73 -> -0.039491765 | AJ73: =AA73 -> 7 | AK73: =10^AF73 / AK$46 -> 5.7936399 | AL73: 7 | AM73: =VLOOKUP(AL83,migkas!E$3:H$1002,4,1)-E$39 -> 1.0175862 | AN73: =AO73/B$27 -> 1.0310094 | AO73: =(1 - exp(-E73/B$30) * (1 + E73/B$30 + E73*E73/B$30/B$30/2)) *B$56 -> 51.55047 | AP73: =SQRT((AM73-AN73)*(AM73-AN73)) -> 0.013423184 | AQ73: =(AN73-AM73)/AN73 -> 0.013019459 | AR73: =AJ73 -> 7 | AS73: =AF253 -> 1.1271128 | AV73: =AV72+AV$55/10 -> 9.1 | AW73: =4/3 * PI() * AV73^B$53 *B$54 -> 50 | AY73: =AR73 -> 7 | AZ73: =AI73 -> -0.039491765 | BA73: =BA$57*SIN(BA$58*AR73+BA$59) -> -0.014785382 | BC73: 7 | BD73: =AQ73 -> 0.013019459 | BE73: =BE$57*SIN(BE$58*AR73+BE$59) -> 0.014785382 | BG73: =BC73 -> 7 | BH73: =(1-BA73)*AF73 -> 1.0797129 | BI73: =AG73 -> 1.106 | BJ73: =(BH73-BI73)/BH73 -> -0.024346412 | BK73: =BG73 -> 7 | BL73: =(1-BE73)*AN73 -> 1.0157655 | BM73: =AM73 -> 1.0175862 | BN73: =(BL73-BM73)/BL73 -> -0.0017924249
A74: 8 | B74: =RADIANS(A74) -> 0.13962634 | C74: =B$28+B$29*COS(B74) -> 12.970804 | D74: =B$29*SIN(B74) -> 0.4175193 | E74: =(C74*C74+D74*D74)^0.5 -> 12.977522 | F74: =B$25*E74 -> 12.977522 | G74: =ATAN(D74/C74) -> 0.03217805 | H74: =F74*COS(G74) -> 12.970804 | I74: =F74*SIN(G74) -> 0.4175193 | J74: =H74-B$32 -> 2.9708042 | K74: =I74 -> 0.4175193 | L74: =SQRT(J74*J74+K74*K74) -> 3 | N74: =-B$26*AO74/(E74*E74) -> -0.30608286 | O74: =N74*COS(G74) -> -0.30592441 | P74: =N74*SIN(G74) -> -0.0098474502 | Q74: =O74-B$34 -> 0.19407559 | R74: =P74 -> -0.0098474502 | S74: =J74+Q74*B$33 -> 3.1648798 | T74: =R74+K74*B$33 -> 0.40767185 | U74: =SQRT(S74*S74+T74*T74) -> 3.1910281 | W74: =$A74 -> 8 | X74: =ATAN2(S74,T74) -> 0.12810575 | Y74: =ATAN(P74/O74) -> 0.03217805 | AA74: =A74 -> 8 | AB74: =L74 -> 3 | AC74: =$U74 -> 3.1910281 | AD74: 8 | AE74: =AG74 -> 1.1 | AF74: =$U74/AB74 -> 1.063676 | AG74: =VLOOKUP(AD84,migkas!E$3:H$1002,3,1) -> 1.1 | AH74: =SQRT((AF74-AG74)*(AF74-AG74)) -> 0.036323961 | AI74: =-(AG74-AF74)/AF74 -> -0.034149459 | AJ74: =AA74 -> 8 | AK74: =10^AF74 / AK$46 -> 5.7895664 | AL74: 8 | AM74: =VLOOKUP(AL84,migkas!E$3:H$1002,4,1)-E$39 -> 1.027931 | AN74: =AO74/B$27 -> 1.0309855 | AO74: =(1 - exp(-E74/B$30) * (1 + E74/B$30 + E74*E74/B$30/B$30/2)) *B$56 -> 51.549277 | AP74: =SQRT((AM74-AN74)*(AM74-AN74)) -> 0.0030545137 | AQ74: =(AN74-AM74)/AN74 -> 0.0029627125 | AR74: =AJ74 -> 8 | AS74: =AF254 -> 1.1256775 | AV74: =AV73+AV$55/10 -> 10.4 | AW74: =4/3 * PI() * AV74^B$53 *B$54 -> 50 | AY74: =AR74 -> 8 | AZ74: =AI74 -> -0.034149459 | BA74: =BA$57*SIN(BA$58*AR74+BA$59) -> -0.015707678 | BC74: 8 | BD74: =AQ74 -> 0.0029627125 | BE74: =BE$57*SIN(BE$58*AR74+BE$59) -> 0.015707678 | BG74: =BC74 -> 8 | BH74: =(1-BA74)*AF74 -> 1.0803839 | BI74: =AG74 -> 1.1 | BJ74: =(BH74-BI74)/BH74 -> -0.018156583 | BK74: =BG74 -> 8 | BL74: =(1-BE74)*AN74 -> 1.0147912 | BM74: =AM74 -> 1.027931 | BN74: =(BL74-BM74)/BL74 -> -0.012948354
A75: 9 | B75: =RADIANS(A75) -> 0.15707963 | C75: =B$28+B$29*COS(B75) -> 12.963065 | D75: =B$29*SIN(B75) -> 0.4693034 | E75: =(C75*C75+D75*D75)^0.5 -> 12.971557 | F75: =B$25*E75 -> 12.971557 | G75: =ATAN(D75/C75) -> 0.036187315 | H75: =F75*COS(G75) -> 12.963065 | I75: =F75*SIN(G75) -> 0.4693034 | J75: =H75-B$32 -> 2.963065 | K75: =I75 -> 0.4693034 | L75: =SQRT(J75*J75+K75*K75) -> 3 | N75: =-B$26*AO75/(E75*E75) -> -0.30635638 | O75: =N75*COS(G75) -> -0.30615581 | P75: =N75*SIN(G75) -> -0.011083796 | Q75: =O75-B$34 -> 0.19384419 | R75: =P75 -> -0.011083796 | S75: =J75+Q75*B$33 -> 3.1569092 | T75: =R75+K75*B$33 -> 0.4582196 | U75: =SQRT(S75*S75+T75*T75) -> 3.1899907 | W75: =$A75 -> 9 | X75: =ATAN2(S75,T75) -> 0.14414154 | Y75: =ATAN(P75/O75) -> 0.036187315 | AA75: =A75 -> 9 | AB75: =L75 -> 3 | AC75: =$U75 -> 3.1899907 | AD75: 9 | AE75: =AG75 -> 1.098 | AF75: =$U75/AB75 -> 1.0633302 | AG75: =VLOOKUP(AD85,migkas!E$3:H$1002,3,1) -> 1.098 | AH75: =SQRT((AF75-AG75)*(AF75-AG75)) -> 0.034669751 | AI75: =-(AG75-AF75)/AF75 -> -0.032604876 | AJ75: =AA75 -> 9 | AK75: =10^AF75 / AK$46 -> 5.7849586 | AL75: 9 | AM75: =VLOOKUP(AL85,migkas!E$3:H$1002,4,1)-E$39 -> 1.03 | AN75: =AO75/B$27 -> 1.0309585 | AO75: =(1 - exp(-E75/B$30) * (1 + E75/B$30 + E75*E75/B$30/B$30/2)) *B$56 -> 51.547923 | AP75: =SQRT((AM75-AN75)*(AM75-AN75)) -> 0.00095845759 | AQ75: =(AN75-AM75)/AN75 -> 0.00092967625 | AR75: =AJ75 -> 9 | AS75: =AF255 -> 1.1240629 | AV75: =AV74+AV$55/10 -> 11.7 | AW75: =4/3 * PI() * AV75^B$53 *B$54 -> 50 | AY75: =AR75 -> 9 | AZ75: =AI75 -> -0.032604876 | BA75: =BA$57*SIN(BA$58*AR75+BA$59) -> -0.01662519 | BC75: 9 | BD75: =AQ75 -> 0.00092967625 | BE75: =BE$57*SIN(BE$58*AR75+BE$59) -> 0.01662519 | BG75: =BC75 -> 9 | BH75: =(1-BA75)*AF75 -> 1.0810083 | BI75: =AG75 -> 1.098 | BJ75: =(BH75-BI75)/BH75 -> -0.015718366 | BK75: =BG75 -> 9 | BL75: =(1-BE75)*AN75 -> 1.0138186 | BM75: =AM75 -> 1.03 | BN75: =(BL75-BM75)/BL75 -> -0.015960866
A76: 10 | B76: =RADIANS(A76) -> 0.17453293 | C76: =B$28+B$29*COS(B76) -> 12.954423 | D76: =B$29*SIN(B76) -> 0.52094453 | E76: =(C76*C76+D76*D76)^0.5 -> 12.964894 | F76: =B$25*E76 -> 12.964894 | G76: =ATAN(D76/C76) -> 0.040191986 | H76: =F76*COS(G76) -> 12.954423 | I76: =F76*SIN(G76) -> 0.52094453 | J76: =H76-B$32 -> 2.9544233 | K76: =I76 -> 0.52094453 | L76: =SQRT(J76*J76+K76*K76) -> 3 | N76: =-B$26*AO76/(E76*E76) -> -0.30666236 | O76: =N76*COS(G76) -> -0.3064147 | P76: =N76*SIN(G76) -> -0.012322051 | Q76: =O76-B$34 -> 0.1935853 | R76: =P76 -> -0.012322051 | S76: =J76+Q76*B$33 -> 3.1480086 | T76: =R76+K76*B$33 -> 0.50862248 | U76: =SQRT(S76*S76+T76*T76) -> 3.1888328 | W76: =$A76 -> 10 | X76: =ATAN2(S76,T76) -> 0.16018531 | Y76: =ATAN(P76/O76) -> 0.040191986 | AA76: =A76 -> 10 | AB76: =L76 -> 3 | AC76: =$U76 -> 3.1888328 | AD76: 10 | AE76: =AG76 -> 1.12 | AF76: =$U76/AB76 -> 1.0629443 | AG76: =VLOOKUP(AD86,migkas!E$3:H$1002,3,1) -> 1.12 | AH76: =SQRT((AF76-AG76)*(AF76-AG76)) -> 0.057055728 | AI76: =-(AG76-AF76)/AF76 -> -0.053677064 | AJ76: =AA76 -> 10 | AK76: =10^AF76 / AK$46 -> 5.7798195 | AL76: 10 | AM76: =VLOOKUP(AL86,migkas!E$3:H$1002,4,1)-E$39 -> 1.0237931 | AN76: =AO76/B$27 -> 1.0309281 | AO76: =(1 - exp(-E76/B$30) * (1 + E76/B$30 + E76*E76/B$30/B$30/2)) *B$56 -> 51.546405 | AP76: =SQRT((AM76-AN76)*(AM76-AN76)) -> 0.0071349922 | AQ76: =(AN76-AM76)/AN76 -> 0.0069209407 | AR76: =AJ76 -> 10 | AS76: =AF256 -> 1.1222735 | AV76: =AV75+AV$55/10 -> 13 | AW76: =4/3 * PI() * AV76^B$53 *B$54 -> 50 | AY76: =AR76 -> 10 | AZ76: =AI76 -> -0.053677064 | BA76: =BA$57*SIN(BA$58*AR76+BA$59) -> -0.017537637 | BC76: 10 | BD76: =AQ76 -> 0.0069209407 | BE76: =BE$57*SIN(BE$58*AR76+BE$59) -> 0.017537637 | BG76: =BC76 -> 10 | BH76: =(1-BA76)*AF76 -> 1.0815858 | BI76: =AG76 -> 1.12 | BJ76: =(BH76-BI76)/BH76 -> -0.035516551 | BK76: =BG76 -> 10 | BL76: =(1-BE76)*AN76 -> 1.0128481 | BM76: =AM76 -> 1.0237931 | BN76: =(BL76-BM76)/BL76 -> -0.010806212
