Workbook

Sheet README
A1: A vs angle — transparent calculator
A3: Purpose: You control every sign. Nothing hidden.
A5: Sheets:
A6: 1) Params — κ, α, expand/collapse switch, angle convention
A7: 2) A_vs_angle — full table + chart (formulas live off Params)
A8: 3) Migkas_Fig6 — digitised A points for overlay comparison
A10: Kinematics (expanding, bolt-on / matched integral — SAME end kick):
A11: f(φ) = S * α * κ * (3 cos²φ − 1)
A12: S = +1 expand (Params!B5), S = −1 collapse
A13: H_obs/H = 1 + f
A14: A_raw = 1 / (H_obs/H)²
A15: A = A_raw / mean(A_raw)
... A27: Do not edit A_vs_angle formula cells except to experiment; change Params.

Sheet Params
A1: Parameter | B1: Value | C1: Notes
A2: kappa | B2: 0.15 | C2: κ = G m(D)/(D³ H²)
A3: alpha | B3: 1 | C3: bolt-on α (matched integral uses same end kick ⇒ same α here)
A4: S_expand | B4: 1 | C4: +1 = expanding H_bg>0; −1 = collapsing H_bg<0 (THIS FLIPS THE CURVE)
A5: A_map | B5: invsq | C5: invsq → A_raw=1/(1+f)² ; hratio → A_raw=1+f (then mean-renorm)
A6: angle_zero | B6: anti_center | C6: anti_center: φ=0 away from CoE, φ=180 toward CoE; center: opposite
A8: Derived
A9: alpha*kappa | B9: =B3*B2
A10: half_ptp_f_approx | B10: =ABS(B4)*B9*1.5 | C10: rough |f| half range ≈ 1.5 |S|ακ (P2 goes −ακ..+2ακ)
A12: INSTRUCTIONS
A13: Yellow cells are inputs. Change S_expand to -1 to see collapse. Change angle_zero to center to flip axis labeling.

Sheet A_vs_angle
A1: phi_deg | B1: phi_used_deg | C1: mu | D1: P2 | E1: f | F1: Hobs_over_H | G1: A_raw_invsq | H1: A_raw_hratio | I1: A_invsq | J1: A_hratio | K1: A_active | M1: MICRO-MANAGE
A2: 0 | B2: =IF(Params!$B$6="center",MOD(A2+180,360),A2) | C2: =COS(RADIANS(B2)) | D2: =0.5*(3*C2^2-1) | E2: =Params!$B$4*Params!$B$3*Params!$B$2*(3*C2^2-1) | F2: =1+E2 | G2: =1/F2^2 | H2: =F2 | I2: =G2/AVERAGE($G$2:$G$74) | J2: =H2/AVERAGE($H$2:$H$74) | K2: =IF(Params!$B$5="hratio",J2,I2) | M2: Edit yellow cells on Params sheet only.
A3: 5 | B3: =IF(Params!$B$6="center",MOD(A3+180,360),A3) | C3: =COS(RADIANS(B3)) | D3: =0.5*(3*C3^2-1) | E3: =Params!$B$4*Params!$B$3*Params!$B$2*(3*C3^2-1) | F3: =1+E3 | G3: =1/F3^2 | H3: =F3 | I3: =G3/AVERAGE($G$2:$G$74) | J3: =H3/AVERAGE($H$2:$H$74) | K3: =IF(Params!$B$5="hratio",J3,I3) | M3: S_expand = +1 or -1 flips expand/collapse.
A4: 10 | B4: =IF(Params!$B$6="center",MOD(A4+180,360),A4) | C4: =COS(RADIANS(B4)) | D4: =0.5*(3*C4^2-1) | E4: =Params!$B$4*Params!$B$3*Params!$B$2*(3*C4^2-1) | F4: =1+E4 | G4: =1/F4^2 | H4: =F4 | I4: =G4/AVERAGE($G$2:$G$74) | J4: =H4/AVERAGE($H$2:$H$74) | K4: =IF(Params!$B$5="hratio",J4,I4) | M4: angle_zero = anti_center or center flips where CoE sits on the x-axis.
A5: 15 | B5: =IF(Params!$B$6="center",MOD(A5+180,360),A5) | C5: =COS(RADIANS(B5)) | D5: =0.5*(3*C5^2-1) | E5: =Params!$B$4*Params!$B$3*Params!$B$2*(3*C5^2-1) | F5: =1+E5 | G5: =1/F5^2 | H5: =F5 | I5: =G5/AVERAGE($G$2:$G$74) | J5: =H5/AVERAGE($H$2:$H$74) | K5: =IF(Params!$B$5="hratio",J5,I5) | M5: A_map = invsq or hratio.
A6: 20 | B6: =IF(Params!$B$6="center",MOD(A6+180,360),A6) | C6: =COS(RADIANS(B6)) | D6: =0.5*(3*C6^2-1) | E6: =Params!$B$4*Params!$B$3*Params!$B$2*(3*C6^2-1) | F6: =1+E6 | G6: =1/F6^2 | H6: =F6 | I6: =G6/AVERAGE($G$2:$G$74) | J6: =H6/AVERAGE($H$2:$H$74) | K6: =IF(Params!$B$5="hratio",J6,I6) | M6: Open Values_snapshot chart for immediate picture; A_vs_angle has live Excel formulas.
A7: 25 | B7: =IF(Params!$B$6="center",MOD(A7+180,360),A7) | C7: =COS(RADIANS(B7)) | D7: =0.5*(3*C7^2-1) | E7: =Params!$B$4*Params!$B$3*Params!$B$2*(3*C7^2-1) | F7: =1+E7 | G7: =1/F7^2 | H7: =F7 | I7: =G7/AVERAGE($G$2:$G$74) | J7: =H7/AVERAGE($H$2:$H$74) | K7: =IF(Params!$B$5="hratio",J7,I7)
A8: 30 | B8: =IF(Params!$B$6="center",MOD(A8+180,360),A8) | C8: =COS(RADIANS(B8)) | D8: =0.5*(3*C8^2-1) | E8: =Params!$B$4*Params!$B$3*Params!$B$2*(3*C8^2-1) | F8: =1+E8 | G8: =1/F8^2 | H8: =F8 | I8: =G8/AVERAGE($G$2:$G$74) | J8: =H8/AVERAGE($H$2:$H$74) | K8: =IF(Params!$B$5="hratio",J8,I8)
A9: 35 | B9: =IF(Params!$B$6="center",MOD(A9+180,360),A9) | C9: =COS(RADIANS(B9)) | D9: =0.5*(3*C9^2-1) | E9: =Params!$B$4*Params!$B$3*Params!$B$2*(3*C9^2-1) | F9: =1+E9 | G9: =1/F9^2 | H9: =F9 | I9: =G9/AVERAGE($G$2:$G$74) | J9: =H9/AVERAGE($H$2:$H$74) | K9: =IF(Params!$B$5="hratio",J9,I9)
A10: 40 | B10: =IF(Params!$B$6="center",MOD(A10+180,360),A10) | C10: =COS(RADIANS(B10)) | D10: =0.5*(3*C10^2-1) | E10: =Params!$B$4*Params!$B$3*Params!$B$2*(3*C10^2-1) | F10: =1+E10 | G10: =1/F10^2 | H10: =F10 | I10: =G10/AVERAGE($G$2:$G$74) | J10: =H10/AVERAGE($H$2:$H$74) | K10: =IF(Params!$B$5="hratio",J10,I10)
A11: 45 | B11: =IF(Params!$B$6="center",MOD(A11+180,360),A11) | C11: =COS(RADIANS(B11)) | D11: =0.5*(3*C11^2-1) | E11: =Params!$B$4*Params!$B$3*Params!$B$2*(3*C11^2-1) | F11: =1+E11 | G11: =1/F11^2 | H11: =F11 | I11: =G11/AVERAGE($G$2:$G$74) | J11: =H11/AVERAGE($H$2:$H$74) | K11: =IF(Params!$B$5="hratio",J11,I11)
A12: 50 | B12: =IF(Params!$B$6="center",MOD(A12+180,360),A12) | C12: =COS(RADIANS(B12)) | D12: =0.5*(3*C12^2-1) | E12: =Params!$B$4*Params!$B$3*Params!$B$2*(3*C12^2-1) | F12: =1+E12 | G12: =1/F12^2 | H12: =F12 | I12: =G12/AVERAGE($G$2:$G$74) | J12: =H12/AVERAGE($H$2:$H$74) | K12: =IF(Params!$B$5="hratio",J12,I12)
A13: 55 | B13: =IF(Params!$B$6="center",MOD(A13+180,360),A13) | C13: =COS(RADIANS(B13)) | D13: =0.5*(3*C13^2-1) | E13: =Params!$B$4*Params!$B$3*Params!$B$2*(3*C13^2-1) | F13: =1+E13 | G13: =1/F13^2 | H13: =F13 | I13: =G13/AVERAGE($G$2:$G$74) | J13: =H13/AVERAGE($H$2:$H$74) | K13: =IF(Params!$B$5="hratio",J13,I13)
A14: 60 | B14: =IF(Params!$B$6="center",MOD(A14+180,360),A14) | C14: =COS(RADIANS(B14)) | D14: =0.5*(3*C14^2-1) | E14: =Params!$B$4*Params!$B$3*Params!$B$2*(3*C14^2-1) | F14: =1+E14 | G14: =1/F14^2 | H14: =F14 | I14: =G14/AVERAGE($G$2:$G$74) | J14: =H14/AVERAGE($H$2:$H$74) | K14: =IF(Params!$B$5="hratio",J14,I14)
A15: 65 | B15: =IF(Params!$B$6="center",MOD(A15+180,360),A15) | C15: =COS(RADIANS(B15)) | D15: =0.5*(3*C15^2-1) | E15: =Params!$B$4*Params!$B$3*Params!$B$2*(3*C15^2-1) | F15: =1+E15 | G15: =1/F15^2 | H15: =F15 | I15: =G15/AVERAGE($G$2:$G$74) | J15: =H15/AVERAGE($H$2:$H$74) | K15: =IF(Params!$B$5="hratio",J15,I15)
A16: 70 | B16: =IF(Params!$B$6="center",MOD(A16+180,360),A16) | C16: =COS(RADIANS(B16)) | D16: =0.5*(3*C16^2-1) | E16: =Params!$B$4*Params!$B$3*Params!$B$2*(3*C16^2-1) | F16: =1+E16 | G16: =1/F16^2 | H16: =F16 | I16: =G16/AVERAGE($G$2:$G$74) | J16: =H16/AVERAGE($H$2:$H$74) | K16: =IF(Params!$B$5="hratio",J16,I16)
A17: 75 | B17: =IF(Params!$B$6="center",MOD(A17+180,360),A17) | C17: =COS(RADIANS(B17)) | D17: =0.5*(3*C17^2-1) | E17: =Params!$B$4*Params!$B$3*Params!$B$2*(3*C17^2-1) | F17: =1+E17 | G17: =1/F17^2 | H17: =F17 | I17: =G17/AVERAGE($G$2:$G$74) | J17: =H17/AVERAGE($H$2:$H$74) | K17: =IF(Params!$B$5="hratio",J17,I17)
A18: 80 | B18: =IF(Params!$B$6="center",MOD(A18+180,360),A18) | C18: =COS(RADIANS(B18)) | D18: =0.5*(3*C18^2-1) | E18: =Params!$B$4*Params!$B$3*Params!$B$2*(3*C18^2-1) | F18: =1+E18 | G18: =1/F18^2 | H18: =F18 | I18: =G18/AVERAGE($G$2:$G$74) | J18: =H18/AVERAGE($H$2:$H$74) | K18: =IF(Params!$B$5="hratio",J18,I18)
... A74: 360 | B74: =IF(Params!$B$6="center",MOD(A74+180,360),A74) | C74: =COS(RADIANS(B74)) | D74: =0.5*(3*C74^2-1) | E74: =Params!$B$4*Params!$B$3*Params!$B$2*(3*C74^2-1) | F74: =1+E74 | G74: =1/F74^2 | H74: =F74 | I74: =G74/AVERAGE($G$2:$G$74) | J74: =H74/AVERAGE($H$2:$H$74) | K74: =IF(Params!$B$5="hratio",J74,I74)

Sheet Values_snapshot
A1: Numeric snapshot at Params defaults (S=+1 expand, anti_center, invsq). Recalculate in Excel from A_vs_angle formulas after edits.
A2: phi_deg | B2: phi_used | C2: mu | D2: f | E2: Hobs_over_H | F2: A_invsq | G2: A_hratio | H2: A_active | I2: A_collapse_invsq
A3: 0 | B3: 0 | C3: 1 | D3: 0.3 | E3: 1.3 | F3: 0.64253838 | G3: 1.205845 | H3: 0.64253838 | I3: 1.5806631
A4: 5 | B4: 5 | C4: 0.9961947 | D4: 0.29658174 | E4: 1.2965817 | F4: 0.64593077 | G4: 1.2026743 | H4: 0.64593077 | I4: 1.565338
A5: 10 | B5: 10 | C5: 0.98480775 | D5: 0.28643084 | E5: 1.2864308 | F5: 0.65616475 | G5: 1.1932586 | H5: 0.65616475 | I5: 1.5211192
A6: 15 | B6: 15 | C6: 0.96592583 | D6: 0.26985572 | E6: 1.2698557 | F6: 0.67340606 | G6: 1.177884 | H6: 0.67340606 | I6: 1.4528408
A7: 20 | B7: 20 | C7: 0.93969262 | D7: 0.24736 | E7: 1.24736 | F7: 0.69791439 | G7: 1.1570175 | H7: 0.69791439 | I7: 1.3672906
A8: 25 | B8: 25 | C8: 0.90630779 | D8: 0.21962721 | E8: 1.2196272 | F8: 0.73001464 | G8: 1.1312933 | H8: 0.73001464 | I8: 1.2718362
A9: 30 | B9: 30 | C9: 0.8660254 | D9: 0.1875 | E9: 1.1875 | F9: 0.77004932 | G9: 1.101493 | H9: 0.77004932 | I9: 1.1732449
A10: 35 | B10: 35 | C10: 0.81915204 | D10: 0.15195453 | E10: 1.1519545 | F10: 0.81830481 | G10: 1.068522 | H10: 0.81830481 | I10: 1.0769539
A11: 40 | B11: 40 | C11: 0.76604444 | D11: 0.11407084 | E11: 1.1140708 | F11: 0.87490352 | G11: 1.0333821 | H11: 0.87490352 | I11: 0.98681879
A12: 45 | B12: 45 | C12: 0.70710678 | D12: 0.075 | E12: 1.075 | F12: 0.93965591 | G12: 0.99714104 | H12: 0.93965591 | I12: 0.90521541
A13: 50 | B13: 50 | C13: 0.64278761 | D13: 0.03592916 | E13: 1.0359292 | F13: 1.0118722 | G13: 0.96089998 | H13: 1.0118722 | I13: 0.83333095
A14: 55 | B14: 55 | C14: 0.57357644 | D14: -0.0019545322 | E14: 0.99804547 | F14: 1.0901472 | G14: 0.92576009 | H14: 1.0901472 | I14: 0.77150612
... A75: 360 | B75: 360 | C75: 1 | D75: 0.3 | E75: 1.3 | F75: 0.64253838 | G75: 1.205845 | H75: 0.64253838 | I75: 1.5806631

Sheet Migkas_Fig6
A1: l_deg | B1: A_over_Aall | C1: A_err_low | D1: A_err_high
A2: 5 | B2: 1.0718 | C2: 0.0769 | D2: 0.0897
A3: 10 | B3: 1.0769 | C3: 0.0718 | D3: 0.0846
A4: 15 | B4: 1.0769 | C4: 0.0692 | D4: 0.1077
A5: 20 | B5: 1.1026 | C5: 0.0923 | D5: 0.0949
A6: 25 | B6: 1.1103 | C6: 0.0872 | D6: 0.0872
A7: 30 | B7: 1.0897 | C7: 0.1 | D7: 0.1077
A8: 35 | B8: 1.0538 | C8: 0.0641 | D8: 0.1154
A9: 40 | B9: 1.0769 | C9: 0.0872 | D9: 0.0744
A10: 45 | B10: 1.0718 | C10: 0.0615 | D10: 0.1308
A11: 50 | B11: 1.1333 | C11: 0.1231 | D11: 0.0692
A12: 55 | B12: 1.0923 | C12: 0.0846 | D12: 0.1103
A13: 60 | B13: 1.0641 | C13: 0.0564 | D13: 0.0949
... A72: 355 | B72: 1.0564 | C72: 0.0692 | D72: 0.0872
